"IATA","ICAO"
GKA,AYGA
MAG,AYMD
HGU,AYMH
LAE,AYNZ
POM,AYPY
WWK,AYWK
UAK,BGBW
GOH,BGGH
SFJ,BGSF
THU,BGTL
AEY,BIAR
EGS,BIEG
HFN,BIHN
HZK,BIHU
IFJ,BIIS
KEF,BIKF
PFJ,BIPA
RKV,BIRK
SIJ,BISI
VEY,BIVM
YAM,CYAM
YAV,CYAV
YAW,CYAW
YAY,CYAY
YAZ,CYAZ
YBB,CYBB
YBC,CYBC
YBG,CYBG
YBK,CYBK
YBL,CYBL
YBR,CYBR
YCB,CYCB
YCD,CYCD
YCG,CYCG
YCH,CYCH
YCL,CYCL
YCO,CYCO
YCT,CYCT
YCW,CYCW
YCY,CYCY
YZS,CYZS
YDA,CYDA
YDB,CYDB
YDC,CYDC
YDF,CYDF
YDL,CYDL
YDN,CYDN
YDQ,CYDQ
YEG,CYEG
YEK,CYEK
YEN,CYEN
YET,CYET
YEU,CYEU
YEV,CYEV
YFB,CYFB
YFC,CYFC
YFO,CYFO
YFR,CYFR
YFS,CYFS
YGK,CYGK
YGL,CYGL
YGP,CYGP
YGQ,CYGQ
YGR,CYGR
YHB,CYHB
YHD,CYHD
YHI,CYHI
YHK,CYHK
YHM,CYHM
YHU,CYHU
YHY,CYHY
YHZ,CYHZ
YIB,CYIB
YIO,CYIO
YJN,CYJN
YJT,CYJT
YKA,CYKA
YKF,CYKF
YKL,CYKL
YKY,CYKY
YKZ,CYKZ
YLD,CYLD
YLJ,CYLJ
YLL,CYLL
YLT,CYLT
YLW,CYLW
YMA,CYMA
YMJ,CYMJ
YMM,CYMM
YMO,CYMO
YMW,CYMW
YMX,CYMX
YNA,CYNA
YND,CYND
YNM,CYNM
YOC,CYOC
YOD,CYOD
YOJ,CYOJ
YOW,CYOW
YPA,CYPA
YPE,CYPE
YPG,CYPG
YPL,CYPL
YPN,CYPN
YPQ,CYPQ
YPR,CYPR
YPY,CYPY
YQA,CYQA
YQB,CYQB
YQF,CYQF
YQG,CYQG
YQH,CYQH
YQK,CYQK
YQL,CYQL
YQM,CYQM
YQQ,CYQQ
YQR,CYQR
YQT,CYQT
YQU,CYQU
YQV,CYQV
YQW,CYQW
YQX,CYQX
YQY,CYQY
YQZ,CYQZ
YRB,CYRB
YRI,CYRI
YRJ,CYRJ
YRM,CYRM
YRT,CYRT
YSB,CYSB
YSC,CYSC
YSJ,CYSJ
YSM,CYSM
YSR,CYSR
YSU,CYSU
YSY,CYSY
YTE,CYTE
YTH,CYTH
YTR,CYTR
YTS,CYTS
YTZ,CYTZ
YUB,CYUB
YUL,CYUL
YUT,CYUT
YUX,CYUX
YUY,CYUY
YVC,CYVC
YVG,CYVG
YVM,CYVM
YVO,CYVO
YVP,CYVP
YVQ,CYVQ
YVR,CYVR
YVT,CYVT
YVV,CYVV
YWA,CYWA
YWG,CYWG
YWK,CYWK
YWL,CYWL
YWY,CYWY
YXC,CYXC
YXD,CYXD
YXE,CYXE
YXH,CYXH
YXJ,CYXJ
YXL,CYXL
YXP,CYXP
YXR,CYXR
YXS,CYXS
YXT,CYXT
YXU,CYXU
YXX,CYXX
YXY,CYXY
YYB,CYYB
YYC,CYYC
YYD,CYYD
YYE,CYYE
YYF,CYYF
YYG,CYYG
YYH,CYYH
YYJ,CYYJ
YYL,CYYL
YYN,CYYN
YYQ,CYYQ
YYR,CYYR
YYT,CYYT
YYU,CYYU
YYW,CYYW
YYY,CYYY
YYZ,CYYZ
YZD,CYZD
YZE,CYZE
YZF,CYZF
YZH,CYZH
YZP,CYZP
YZR,CYZR
YZT,CYZT
YZU,CYZU
YZV,CYZV
YZW,CYZW
YZX,CYZX
ZFA,CZFA
ZFM,CZFM
BJA,DAAE
ALG,DAAG
DJG,DAAJ
QFD,DAAK
VVZ,DAAP
TMR,DAAT
GJL,DAAV
AAE,DABB
CZL,DABC
TEE,DABS
HRM,DAFH
TID,DAOB
TIN,DAOF
QAS,DAOI
TAF,DAOL
TLM,DAON
ORN,DAOO
MUW,DAOV
AZR,DAUA
BSK,DAUB
ELG,DAUE
GHA,DAUG
HME,DAUH
INZ,DAUI
TGR,DAUK
LOO,DAUL
TMX,DAUT
OGX,DAUU
IAM,DAUZ
COO,DBBB
OUA,DFFD
BOY,DFOO
ACC,DGAA
TML,DGLE
NYI,DGSN
TKD,DGTK
ABJ,DIAP
BYK,DIBK
DJO,DIDL
HGO,DIKO
MJC,DIMN
SPY,DISP
ASK,DIYO
ABV,DNAA
AKR,DNAK
BNI,DNBE
CBQ,DNCA
ENU,DNEN
QUS,DNGU
IBA,DNIB
ILR,DNIL
JOS,DNJO
KAD,DNKA
KAN,DNKN
MIU,DNMA
MDI,DNMK
LOS,DNMM
MXJ,DNMN
PHC,DNPO
SKO,DNSO
YOL,DNYO
ZAR,DNZA
MFQ,DRRM
NIM,DRRN
THZ,DRRT
AJY,DRZA
ZND,DRZR
MIR,DTMB
TUN,DTTA
GAF,DTTF
GAE,DTTG
DJE,DTTJ
EBM,DTTR
SFA,DTTX
TOE,DTTZ
LRL,DXNG
LFW,DXXX
ANR,EBAW
BRU,EBBR
CRL,EBCI
QKT,EBKT
LGG,EBLG
OST,EBOS
AOC,EDAC
BBH,EDBH
SXF,EDDB
DRS,EDDC
ERF,EDDE
FRA,EDDF
FMO,EDDG
HAM,EDDH
THF,EDDI
CGN,EDDK
DUS,EDDL
MUC,EDDM
NUE,EDDN
LEJ,EDDP
SCN,EDDR
STR,EDDS
TXL,EDDT
HAJ,EDDV
BRE,EDDW
QEF,EDFE
HHN,EDFH
MHG,EDFM
XFW,EDHI
KEL,EDHK
LBC,EDHL
ZCA,EDLA
ESS,EDLE
MGL,EDLN
PAD,EDLP
DTM,EDLW
AGB,EDMA
OBF,EDMO
RBM,EDMS
FDH,EDNY
SZW,EDOP
ZSN,EDOV
BYU,EDQD
HOQ,EDQM
ZNV,EDRK
ZQF,EDRT
ZQC,EDRY
ZQW,EDRZ
ZQL,EDTD
BWE,EDVE
KSF,EDVK
BRV,EDWB
EME,EDWE
WVN,EDWI
BMK,EDWR
NRD,EDWY
FLF,EDXF
GWT,EDXW
KDL,EEKA
URE,EEKE
EPU,EEPU
TLL,EETN
TAY,EETU
ENF,EFET
KEV,EFHA
HEM,EFHF
HEL,EFHK
HYV,EFHV
IVL,EFIV
JOE,EFJO
JYV,EFJY
KAU,EFKA
KEM,EFKE
KAJ,EFKI
KOK,EFKK
KAO,EFKS
KTT,EFKT
KUO,EFKU
LPP,EFLP
MHQ,EFMA
MIK,EFMI
OUL,EFOU
POR,EFPO
RVN,EFRO
SVL,EFSA
SOT,EFSO
TMP,EFTP
TKU,EFTU
QVY,EFUT
VAA,EFVA
VRK,EFVR
BFS,EGAA
ENK,EGAB
BHD,EGAC
LDY,EGAE
BHX,EGBB
CVT,EGBE
GLO,EGBJ
MAN,EGCC
NQY,EGHQ
LYE,EGDL
YEO,EGDY
CWL,EGFF
SWS,EGFH
BRS,EGGD
LPL,EGGP
LTN,EGGW
PLH,EGHD
BOH,EGHH
SOU,EGHI
QLA,EGHL
ACI,EGJA
GCI,EGJB
JER,EGJJ
ESH,EGKA
BQH,EGKB
LGW,EGKK
LCY,EGLC
FAB,EGLF
BBS,EGLK
LHR,EGLL
SEN,EGMC
LYX,EGMD
MSE,EGMH
CAX,EGNC
BLK,EGNH
HUY,EGNJ
BWF,EGNL
LBA,EGNM
CEG,EGNR
IOM,EGNS
NCL,EGNT
MME,EGNV
EMA,EGNX
KOI,EGPA
LSI,EGPB
WIC,EGPC
ABZ,EGPD
INV,EGPE
GLA,EGPF
EDI,EGPH
ILY,EGPI
PIK,EGPK
BEB,EGPL
SCS,EGPM
DND,EGPN
SYY,EGPO
TRE,EGPU
ADX,EGQL
LMO,EGQS
CBG,EGSC
NWI,EGSH
STN,EGSS
EXT,EGTE
FZO,EGTG
OXF,EGTK
MHZ,EGUN
FFD,EGVA
BZZ,EGVN
ODH,EGVO
NHT,EGWU
QCY,EGXC
BEQ,EGXH
HRT,EGXU
WTN,EGXW
KNF,EGYM
MPN,EGYP
AMS,EHAM
MST,EHBK
EIN,EHEH
GRQ,EHGG
DHR,EHKD
LEY,EHLE
LWR,EHLW
RTM,EHRD
UTC,EHSB
ENS,EHTW
LID,EHVB
WOE,EHWO
ORK,EICK
GWY,EICM
DUB,EIDW
NOC,EIKN
KIR,EIKY
SNN,EINN
SXL,EISG
WAT,EIWF
AAR,EKAH
BLL,EKBI
CPH,EKCH
EBJ,EKEB
KRP,EKKA
ODE,EKOD
RKE,EKRK
RNN,EKRN
SGD,EKSB
SKS,EKSP
TED,EKTS
FAE,EKVG
STA,EKVJ
AAL,EKYT
LUX,ELLX
AES,ENAL
ANX,ENAN
ALF,ENAT
BNN,ENBN
BOO,ENBO
BGO,ENBR
BJF,ENBS
KRS,ENCN
BDU,ENDU
EVE,ENEV
VDB,ENFG
FRO,ENFL
OSL,ENGM
HAU,ENHD
HAA,ENHK
KSU,ENKB
KKN,ENKR
FAN,ENLI
MOL,ENML
MJF,ENMS
LKL,ENNA
NTB,ENNO
OLA,ENOL
RRS,ENRO
RYG,ENRY
LYR,ENSB
SKE,ENSN
SRP,ENSO
SSJ,ENST
TOS,ENTC
TRF,ENTO
TRD,ENVA
SVG,ENZV
GDN,EPGD
KRK,EPKK
KTW,EPKT
POZ,EPPO
RZE,EPRZ
SZZ,EPSC
OSP,EPSK
WAW,EPWA
WRO,EPWR
IEG,EPZG
RNB,ESDF
GOT,ESGG
JKG,ESGJ
LDK,ESGL
GSE,ESGP
KVB,ESGR
THN,ESGT
KSK,ESKK
MXX,ESKM
NYO,ESKN
KID,ESMK
JLD,ESML
OSK,ESMO
KLR,ESMQ
MMX,ESMS
HAD,ESMT
VXO,ESMX
EVG,ESND
GEV,ESNG
HUV,ESNH
KRF,ESNK
LYC,ESNL
SDL,ESNN
OER,ESNO
KRN,ESNQ
SFT,ESNS
UME,ESNU
VHM,ESNV
AJR,ESNX
ORB,ESOE
VST,ESOW
LLA,ESPA
ARN,ESSA
BMA,ESSB
BLE,ESSD
HLF,ESSF
GVX,ESSK
LPI,ESSL
NRK,ESSP
VBY,ESSV
SPM,ETAD
RMS,ETAR
GHF,ETEU
ZCN,ETHC
ZNF,ETID
GKE,ETNG
RLG,ETNL
FEL,ETSF
IGS,ETSI
GUT,ETUO
ALJ,FAAB
AGZ,FAAG
BIY,FABE
BFN,FABL
CPT,FACT
DUR,FALE
ELS,FAEL
GCJ,FAGC
GRJ,FAGG
HDS,FAHS
JNB,FAJS
KIM,FAKM
KMH,FAKU
KLZ,FAKZ
HLA,FALA
LAY,FALY
MGH,FAMG
MEZ,FAMS
NCS,FANC
DUH,FAOH
PLZ,FAPE
PHW,FAPH
PZB,FAPM
NTY,FAPN
PTG,FAPP
UTW,FAQT
RCB,FARB
ROD,FARS
SBU,FASB
SIS,FASS
SZK,FASZ
LTA,FATZ
ULD,FAUL
UTN,FAUP
UTT,FAUT
VRU,FAVB
VIR,FAVG
PRY,FAWB
WEL,FAWM
FRW,FBFT
JWA,FBJW
BBK,FBKE
MUB,FBMN
GBE,FBSK
PKW,FBSP
BZV,FCBB
FTX,FCOO
OUE,FCOU
PNR,FCPP
MTS,FDMS
BGF,FEFF
BBT,FEFT
BSG,FGBT
SSG,FGSL
ASI,FHAW
MRU,FIMP
RRG,FIMR
TKC,FKKC
DLA,FKKD
MVR,FKKL
FOM,FKKM
NGE,FKKN
GOU,FKKR
BFX,FKKU
BPC,FKKV
YAO,FKKY
LVI,FLLI
LUN,FLLS
MFU,FLMF
NLA,FLND
KIW,FLSO
HAH,FMCH
NWA,FMCI
AJN,FMCV
DZA,FMCZ
RUN,FMEE
ZSE,FMEP
TNR,FMMI
ZVA,FMMN
SMS,FMMS
TMM,FMMT
MOQ,FMMV
DIE,FMNA
WMR,FMNC
ZWA,FMND
AMB,FMNE
ANM,FMNH
HVA,FMNL
MJN,FMNM
NOS,FMNN
BPY,FMNQ
WMN,FMNR
SVB,FMNS
VOH,FMNV
WAI,FMNW
IVA,FMNZ
FTU,FMSD
WFI,FMSF
RVA,FMSG
WVK,FMSK
MNJ,FMSM
MXM,FMSR
TLE,FMST
SSY,FNBC
BUG,FNBG
CAB,FNCA
NOV,FNHU
SVP,FNKU
LAD,FNLU
MEG,FNMA
SPP,FNME
GXG,FNNG
PBN,FNPA
VHC,FNSA
SZA,FNSO
SDD,FNUB
LUO,FNUE
UGO,FNUG
XGN,FNXA
OYE,FOGO
OKN,FOGQ
LBQ,FOGR
BMM,FOOB
POG,FOOG
OMB,FOOH
MKU,FOOK
LBV,FOOL
MVB,FOON
PCP,FPPR
TMS,FPST
BEW,FQBR
INH,FQIN
VXC,FQLC
MPM,FQMA
MZB,FQMP
MNC,FQNC
APL,FQNP
POL,FQPB
UEL,FQQL
TET,FQTT
VNX,FQVL
DES,FSDR
SEZ,FSIA
PRI,FSPP
AEH,FTTC
MQQ,FTTD
NDJ,FTTJ
FYT,FTTY
BUQ,FVBU
BFO,FVCZ
VFA,FVFA
HRE,FVHA
KAB,FVKB
MVZ,FVMV
GWE,FVTL
WKM,FVWN
BLZ,FWCL
KGJ,FWKA
LLW,FWKI
ZZU,FWUU
MSU,FXMM
FIH,FZAA
NLO,FZAB
MNB,FZAG
FDU,FZBO
KKW,FZCA
MDK,FZEA
BDT,FZFD
GMA,FZFK
LIQ,FZGA
FKI,FZIC
IRP,FZJH
BUX,FZKA
BKY,FZMA
GOM,FZNA
KND,FZOA
FBM,FZQA
KWZ,FZQM
FMI,FZRF
KMN,FZSA
KGA,FZUA
MJM,FZWA
BKO,GABS
GAQ,GAGO
KYS,GAKY
MZI,GAMB
TOM,GATB
BJL,GBYD
FUE,GCFV
VDE,GCHI
SPC,GCLA
LPA,GCLP
ACE,GCRR
TFS,GCTS
TFN,GCXO
MLN,GEML
FNA,GFLL
MLW,GLMR
ROB,GLRB
AGA,GMAD
TTA,GMAT
FEZ,GMFF
ERH,GMFK
MEK,GMFM
OUD,GMFO
RBA,GMME
CMN,GMMN
RAK,GMMX
NNA,GMMY
OZZ,GMMZ
AHU,GMTA
TTU,GMTN
TNG,GMTT
ZIG,GOGG
CSK,GOGS
KLC,GOOK
DKR,GOOY
XLS,GOSS
BXE,GOTB
KGG,GOTK
TUD,GOTT
IEO,GQNA
TIY,GQND
KFA,GQNF
EMN,GQNI
KED,GQNK
NKC,GQNN
SEY,GQNS
ATR,GQPA
NDB,GQPP
FIG,GUFA
FAA,GUFH
LEK,GULB
SID,GVAC
BVC,GVBA
MMO,GVMA
SNE,GVSN
VXE,GVSV
ADD,HAAB
AMH,HAAM
AXU,HAAX
BJR,HABD
DIR,HADR
GMB,HAGM
GDQ,HAGN
JIM,HAJM
LLI,HALL
MQX,HAMK
ASO,HASO
BJM,HBBA
HGA,HCMH
BBO,HCMI
KMU,HCMK
ALY,HEAX
ABS,HEBL
CAI,HECA
HRG,HEGN
EGR,HEGR
LXR,HELX
MUH,HEMM
PSD,HEPS
SKV,HESC
ASW,HESN
ELT,HETR
EDL,HKEL
KIS,HKKI
KTL,HKKT
LOK,HKLO
LAU,HKLU
MBA,HKMO
WIL,HKNW
WJR,HKWJ
GHT,HLGT
AKF,HLKF
BEN,HLLB
SEB,HLLS
TIP,HLLT
LTD,HLTD
GYI,HRYG
KGL,HRYR
KME,HRZA
DOG,HSDN
ELF,HSFS
KSL,HSKA
EBD,HSOB
JUB,HSSJ
MAK,HSSM
KRT,HSSS
ARK,HTAR
DAR,HTDA
DOD,HTDO
IRI,HTIR
JRO,HTKJ
LKY,HTLM
MYW,HTMT
MWZ,HTMW
PMA,HTPE
TGT,HTTG
ZNZ,HTZA
EBB,HUEN
SRT,HUSO
TIA,LATI
BOJ,LBBG
GOZ,LBGO
PDV,LBPD
SOF,LBSF
VAR,LBWN
LCA,LCLK
PFO,LCPH
AKT,LCRA
DBV,LDDU
OSI,LDOS
PUY,LDPL
RJK,LDRI
SPU,LDSP
ZAG,LDZA
ZAD,LDZD
ALC,LEAL
LEI,LEAM
OVD,LEAS
ODB,LEBA
BIO,LEBB
BCN,LEBL
BJZ,LEBZ
LCG,LECO
GRO,LEGE
GRX,LEGR
IBZ,LEIB
XRY,LEJR
MJV,LELC
MAD,LEMD
AGP,LEMG
MAH,LEMH
OZP,LEMO
PNA,LEPP
REU,LERS
SLM,LESA
EAS,LESO
SCQ,LEST
LEU,LESU
TOJ,LETO
VLC,LEVC
VLL,LEVD
VIT,LEVT
VGO,LEVX
SDR,LEXJ
ZAZ,LEZG
SVQ,LEZL
CQF,LFAC
LTQ,LFAT
AGF,LFBA
BOD,LFBD
EGC,LFBE
CNG,LFBG
PIS,LFBI
MCU,LFBK
LIG,LFBL
NIT,LFBN
TLS,LFBO
PUF,LFBP
LDE,LFBT
ANG,LFBU
BVE,LFSL
PGX,LFBX
BIQ,LFBZ
XAC,LFCH
LBI,LFCI
DCM,LFCK
RDZ,LFCR
RYN,LFCY
RCO,LFDN
CMR,LFGA
DLE,LFGJ
OBS,LFHO
LPY,LFHP
XBK,LFHS
XVF,LFHV
XMU,LFHY
ETZ,LFJL
BIA,LFKB
CLY,LFKC
FSC,LFKF
AJA,LFKJ
SOZ,LFKS
AUF,LFLA
CMF,LFLB
CFE,LFLC
BOU,LFLD
XCD,LFLH
QNJ,LFLI
LYS,LFLL
QNX,LFLM
RNE,LFLO
NCY,LFLP
GNB,LFLS
VAF,LFLU
VHY,LFLV
AUR,LFLW
CHR,LFLX
LYN,LFLY
QXB,LFMA
CEQ,LFMD
EBU,LFMH
CCF,LFMK
MRS,LFML
NCE,LFMN
PGF,LFMP
CTT,LFMQ
MPL,LFMT
BZR,LFMU
AVN,LFMV
MEN,LFNB
BVA,LFOB
LEH,LFOH
ORE,LFOJ
XCR,LFOK
URO,LFOP
TUF,LFOT
CET,LFOU
LVA,LFOV
LBG,LFPB
CSF,LFPC
CDG,LFPG
TNF,LFPN
ORY,LFPO
POX,LFPT
QYR,LFQB
NVS,LFQG
LIL,LFQQ
BES,LFRB
CER,LFRC
DNR,LFRD
GFR,LFRF
DOL,LFRG
LRT,LFRH
EDM,LFRI
CFR,LFRK
LME,LFRM
RNS,LFRN
LAI,LFRO
UIP,LFRQ
NTE,LFRS
SBK,LFRT
MXN,LFRU
VNE,LFRV
SNR,LFRZ
BSL,LFSB
DIJ,LFSD
MZM,LFSF
EPL,LFSG
ENC,LFSN
RHE,LFSR
SXB,LFST
TLN,LFTH
FNI,LFTW
MQC,LFVM
FSP,LFVP
PYR,LGAD
AGQ,LGAG
AXD,LGAL
VOL,LGBL
JKH,LGHI
IOA,LGIO
HER,LGIR
KSO,LGKA
KIT,LGKC
EFL,LGKF
KLX,LGKL
KGS,LGKO
AOK,LGKP
CFU,LGKR
KSJ,LGKS
KVA,LGKV
KZI,LGKZ
LRS,LGLE
LXS,LGLM
LRA,LGLR
JMK,LGMK
MJT,LGMT
PVK,LGPZ
RHO,LGRP
GPA,LGRX
CHQ,LGSA
JSI,LGSK
SMI,LGSM
JTR,LGSR
JSH,LGST
SKU,LGSY
SKG,LGTS
ZTH,LGZA
BUD,LHBP
DEB,LHDC
CRV,LIBC
BRI,LIBD
FOG,LIBF
TAR,LIBG
LCC,LIBN
PSR,LIBP
BDS,LIBR
SUF,LICA
CTA,LICC
LMP,LICD
PNL,LICG
PMO,LICJ
REG,LICR
TPS,LICT
NSY,LICZ
AHO,LIEA
DCI,LIED
CAG,LIEE
OLB,LIEO
TTB,LIET
MXP,LIMC
BGY,LIME
TRN,LIMF
ALL,LIMG
GOA,LIMJ
LIN,LIML
PMF,LIMP
QPZ,LIMS
CUF,LIMZ
AVB,LIPA
BZO,LIPB
BLQ,LIPE
TSF,LIPH
FRL,LIPK
VBS,LIPO
TRS,LIPQ
RMI,LIPR
VIC,LIPT
QPA,LIPU
VRN,LIPX
VCE,LIPZ
SAY,LIQS
CIA,LIRA
FCO,LIRF
EBA,LIRJ
QLT,LIRL
NAP,LIRN
PSA,LIRP
FLR,LIRQ
GRS,LIRS
PEG,LIRZ
LJU,LJLJ
MBX,LJMB
POW,LJPZ
KLV,LKKV
OSR,LKMT
PED,LKPD
PRV,LKPO
PRG,LKPR
BRQ,LKTB
TLV,LLBG
BEV,LLBS
ETH,LLET
HFA,LLHA
RPN,LLIB
VDA,LLOV
SDV,LLSD
MLA,LMML
GRZ,LOWG
INN,LOWI
LNZ,LOWL
SZG,LOWS
VIE,LOWW
SMA,LPAZ
BGC,LPBG
FLW,LPFL
FAO,LPFR
GRW,LPGR
HOR,LPHR
TER,LPLA
PDL,LPPD
PIX,LPPI
OPO,LPPR
PXO,LPPS
LIS,LPPT
SJZ,LPSJ
VRL,LPVR
OMO,LQMO
SJJ,LQSA
ARW,LRAR
BCM,LRBC
BAY,LRBM
BBU,LRBS
CND,LRCK
CLJ,LRCL
CSB,LRCS
CRA,LRCV
IAS,LRIA
OMR,LROD
OTP,LROP
SBZ,LRSB
SUJ,LRSM
SCV,LRSV
TCE,LRTC
TGM,LRTM
TSR,LRTR
GVA,LSGG
SIR,LSGS
EML,LSME
LUG,LSZA
BRN,LSZB
ZRH,LSZH
ACH,LSZR
SMV,LSZS
ESB,LTAC
ANK,LTAD
ADA,LTAF
UAB,LTAG
AFY,LTAH
AYT,LTAI
GZT,LTAJ
KYA,LTAN
MLX,LTAO
MZH,LTAP
VAS,LTAR
ASR,LTAU
DNZ,LTAY
IST,LTBA
BZI,LTBF
BDM,LTBG
ESK,LTBI
ADB,LTBJ
IGL,LTBL
DLM,LTBS
BXN,LTBV
EZS,LTCA
DIY,LTCC
ERC,LTCD
ERZ,LTCE
TZX,LTCG
VAN,LTCI
BAL,LTCJ
BZY,LUBL
KIV,LUKK
OHD,LWOH
SKP,LWSK
GIB,LXGB
BEG,LYBE
INI,LYNI
TGD,LYPG
PRN,BKPR
TIV,LYTV
BTS,LZIB
KSC,LZKZ
PZY,LZPP
SLD,LZSL
TAT,LZTT
NCA,MBNC
PLS,MBPV
XSC,MBSC
EPS,MDAB
BRX,MDBH
LRM,MDLR
PUJ,MDPC
POP,MDPP
SDQ,MDSD
STI,MDST
CBV,MGCB
GUA,MGGT
LCE,MHLC
SAP,MHLM
GJA,MHNJ
RTB,MHRO
TEA,MHTE
TGU,MHTG
OCJ,MKBS
KIN,MKJP
MBJ,MKJS
POT,MKKJ
KTP,MKTP
ACA,MMAA
NTR,MMAN
AGU,MMAS
HUX,MMBT
CVJ,MMCB
CME,MMCE
CUL,MMCL
CTM,MMCM
CEN,MMCN
CPE,MMCP
CJS,MMCS
CUU,MMCU
CVM,MMCV
CZM,MMCZ
DGO,MMDO
TPQ,MMEP
ESE,MMES
GDL,MMGL
GYM,MMGM
TCN,MMHC
HMO,MMHO
CLQ,MMIA
ISJ,MMIM
SLW,MMIO
LZC,MMLC
LMM,MMLM
BJX,MMLO
LAP,MMLP
LTO,MMLT
MAM,MMMA
MID,MMMD
MXL,MMML
MLM,MMMM
MTT,MMMT
LOV,MMMV
MEX,MMMX
MTY,MMMY
MZT,MMMZ
NOG,MMNG
NLD,MMNL
OAX,MMOX
PAZ,MMPA
PBC,MMPB
PCA,MMPC
PPE,MMPE
PDS,MMPG
UPN,MMPN
PVR,MMPR
PXM,MMPS
QRO,MMQT
REX,MMRX
SJD,MMSD
SFH,MMSF
SLP,MMSP
TXA,MMTA
TRC,MMTC
TGZ,MMTG
TIJ,MMTJ
TAM,MMTM
TSL,MMTN
TLC,MMTO
TAP,MMTP
CUN,MMUN
VSA,MMVA
VER,MMVR
ZCL,MMZC
ZIH,MMZH
ZMM,MMZM
ZLO,MMZO
BEF,MNBL
MGA,MNMG
PUZ,MNPC
BOC,MPBO
CHX,MPCH
DAV,MPDA
BLB,MPHO
PAC,MPMG
PTY,MPTO
OTR,MRCC
GLF,MRGF
LIR,MRLB
LIO,MRLM
NOB,MRNS
SJO,MROC
PMZ,MRPM
XQP,MRQP
SAL,MSLP
CAP,MTCH
PAP,MTPP
BCA,MUBA
BYM,MUBY
AVI,MUCA
CCC,MUCC
CFG,MUCF
CYO,MUCL
CMW,MUCM
SCU,MUCU
GAO,MUGT
HAV,MUHA
HOG,MUHG
LCL,MULM
MOA,MUMO
MZO,MUMZ
GER,MUNG
UPB,MUPB
SNU,MUSC
VRA,MUVR
VTU,MUVT
CYB,MWCB
GCM,MWCR
ASD,MYAF
MHH,MYAM
SAQ,MYAN
AXP,MYAP
TCB,MYAT
CCZ,MYBC
BIM,MYBS
GGT,MYEF
ELH,MYEH
GHB,MYEM
RSD,MYER
FPO,MYGF
IGA,MYIG
LGI,MYLD
SML,MYLS
MYG,MYMM
NAS,MYNN
ZSA,MYSM
BZE,MZBZ
AIT,NCAI
RAR,NCRG
NAN,NFFN
SUV,NFNA
TBU,NFTF
VAV,NFTV
TRW,NGTA
TBF,NGTE
WLS,NLWW
APW,NSFA
PPG,NSTU
RUR,NTAR
TUB,NTAT
AAA,NTGA
TIH,NTGC
REA,NTGE
FAV,NTGF
XMH,NTGI
GMR,NTGJ
KKR,NTGK
MKP,NTGM
PKP,NTGP
TKP,NTGT
AXR,NTGU
MVT,NTGV
TKX,NTKR
NHV,NTMD
BOB,NTTB
RGI,NTTG
HUH,NTTH
MOZ,NTTM
HOI,NTTO
MAU,NTTP
RFP,NTTR
VLI,NVVV
KNQ,NWWD
KOC,NWWK
LIF,NWWL
GEA,NWWM
MEE,NWWR
TOU,NWWU
UVE,NWWV
NOU,NWWW
AKL,NZAA
TUO,NZAP
AMZ,NZAR
CHC,NZCH
CHT,NZCI
DUD,NZDN
GIS,NZGS
HKK,NZHK
HLZ,NZHN
KKE,NZKK
KAT,NZKT
ALR,NZLX
MON,NZMC
TEU,NZMO
MRO,NZMS
NPL,NZNP
NSN,NZNS
IVC,NZNV
OAM,NZOU
PMR,NZPM
PPQ,NZPP
ZQN,NZQN
ROT,NZRO
TRG,NZTG
TIU,NZTU
BHE,NZWB
WKA,NZWF
WHK,NZWK
WLG,NZWN
WRE,NZWR
WSZ,NZWS
WAG,NZWU
HEA,OAHR
JAA,OAJL
KBL,OAKB
KDH,OAKN
MMZ,OAMN
MZR,OAMS
UND,OAUZ
BAH,OBBI
AHB,OEAB
HOF,OEAH
ABT,OEBA
BHH,OEBH
DMM,OEDF
DHA,OEDR
GIZ,OEGN
ELQ,OEGS
URY,OEGT
HAS,OEHL
JED,OEJN
HBT,OEKK
MED,OEMA
EAM,OENG
AQI,OEPA
RAH,OERF
RUH,OERK
RAE,OERR
SHW,OESH
SLF,OESL
TUU,OETB
TIF,OETF
TUI,OETR
EJH,OEWJ
YNB,OEYN
ABD,OIAA
QMJ,OIAI
MRX,OIAM
AWZ,OIAW
BUZ,OIBB
KIH,OIBK
BDH,OIBL
KSH,OICC
SDG,OICS
IFN,OIFM
RAS,OIGG
THR,OIII
BND,OIKB
KER,OIKK
XBJ,OIMB
RZR,OINR
SYZ,OISS
TBZ,OITT
AZD,OIYY
ACZ,OIZB
ZBR,OIZC
ZAH,OIZH
AMM,OJAI
ADJ,OJAM
AQJ,OJAQ
OMF,OJMF
KWI,OKBK
BEY,OLBA
AUH,OMAA
AZI,OMAD
DXB,OMDB
FJR,OMFJ
RKT,OMRK
SHJ,OMSJ
KHS,OOKB
MSH,OOMA
MCT,OOMS
SLL,OOSA
TTH,OOTH
LYP,OPFA
GWD,OPGD
GIL,OPGT
KHI,OPKC
LHE,OPLA
MFG,OPMF
MJD,OPMJ
MUX,OPMT
WNS,OPNH
PJG,OPPG
PSI,OPPI
PEW,OPPS
UET,OPQT
RYK,OPRK
ISB,OPRN
RAZ,OPRT
SKZ,OPSK
SDT,OPSS
SUL,OPSU
BDN,OPTH
PZH,OPZB
BSR,ORMM
ALP,OSAP
DAM,OSDI
DEZ,OSDZ
LTK,OSLK
PMS,OSPR
CIS,PCIS
ROP,PGRO
SPN,PGSN
UAM,PGUA
GUM,PGUM
TIQ,PGWT
MAJ,PKMJ
KWA,PKWA
CXI,PLCH
MDY,PMDY
TKK,PTKK
PNI,PTPN
ROR,PTRO
KSA,PTSA
YAP,PTYA
KNH,RCBS
TTT,RCFN
GNI,RCGI
KHH,RCKH
CYI,RCKU
KYD,RCLY
RMQ,RCMQ
TNN,RCNN
MZG,RCQC
PIF,RCSQ
TSA,RCSS
TPE,RCTP
WOT,RCWA
HUN,RCYU
NRT,RJAA
MMJ,RJAF
IBR,RJAH
IWO,RJAW
SHM,RJBD
OBO,RJCB
CTS,RJCC
HKD,RJCH
SPK,RJCJ
MMB,RJCM
SHB,RJCN
WKJ,RJCW
IKI,RJDB
UBJ,RJDC
TSJ,RJDT
MBE,RJEB
AKJ,RJEC
OIR,RJEO
RIS,RJER
KUM,RJFC
FUJ,RJFE
FUK,RJFF
TNE,RJFG
KOJ,RJFK
KMI,RJFM
OIT,RJFO
KKJ,RJFR
KMJ,RJFT
NGS,RJFU
ASJ,RJKA
TKN,RJKN
KMQ,RJNK
OKI,RJNO
TOY,RJNT
HIJ,RJOA
OKJ,RJOB
IZO,RJOC
YGJ,RJOH
KCZ,RJOK
MYJ,RJOM
ITM,RJOO
TTJ,RJOR
TKS,RJOS
TAK,RJOT
AOJ,RJSA
GAJ,RJSC
SDS,RJSD
HNA,RJSI
AXT,RJSK
MSJ,RJSM
SDJ,RJSS
HAC,RJTH
OIM,RJTO
HND,RJTT
OKO,RJTY
KWJ,RKJJ
CHN,RKJU
RSU,RKJY
SHO,RKND
KAG,RKNN
CJU,RKPC
PUS,RKPK
USN,RKPU
SSN,RKSM
OSN,RKSO
GMP,RKSS
SWU,RKSW
KPO,RKTH
TAE,RKTN
YEC,RKTY
OKA,ROAH
DNA,RODN
ISG,ROIG
UEO,ROKJ
MMD,ROMD
MMY,ROMY
KTD,RORK
SHI,RORS
RNJ,RORY
OGN,ROYN
MNL,RPLL
CBO,RPMC
CGY,RPML
PAG,RPMP
GES,RPMR
ZAM,RPMZ
BAG,RPUB
SJI,RPUH
TAC,RPVA
BCD,RPVB
DGT,RPVD
MPH,RPVE
ILO,RPVI
KLO,RPVK
PPS,RPVP
COC,SAAC
GHU,SAAG
PRA,SAAP
ROS,SAAR
SFN,SAAV
AEP,SABE
COR,SACO
LPG,SADL
MDZ,SAME
LGS,SAMM
AFA,SAMR
CTC,SANC
SDE,SANE
IRJ,SANL
TUC,SANT
UAQ,SANU
RCU,SAOC
VDR,SAOD
LUQ,SAOU
CNQ,SARC
RES,SARE
FMA,SARF
IGR,SARI
AOL,SARL
PSS,SARP
SLA,SASA
JUJ,SASJ
ORA,SASO
EHL,SAVB
CRD,SAVC
EQS,SAVE
REL,SAVT
VDM,SAVV
PMY,SAVY
PUD,SAWD
RGA,SAWE
RGL,SAWG
USH,SAWH
ULA,SAWJ
PMQ,SAWP
RZA,SAWU
BHI,SAZB
MDQ,SAZM
NQN,SAZN
RSA,SAZR
BRC,SAZS
TDL,SAZT
VLG,SAZV
CPC,SAZY
CDJ,SBAA
AQA,SBAQ
AJU,SBAR
AFL,SBAT
ARU,SBAU
BEL,SBBE
BGX,SBBG
PLU,SBBH
BFH,SBBI
BSB,SBBR
BAU,SBBU
BVB,SBBV
CAC,SBCA
CNF,SBCF
CGR,SBCG
XAP,SBCH
CLN,SBCI
CCM,SBCM
CAW,SBCP
CMG,SBCR
CWB,SBCT
CRQ,SBCV
CXJ,SBCX
CGB,SBCY
CZS,SBCZ
PPB,SBDN
MAO,SBEG
IGU,SBFI
FLN,SBFL
FEN,SBFN
FOR,SBFZ
GIG,SBGL
GYN,SBGO
GRU,SBGR
ATM,SBHT
ITB,SBIH
IOS,SBIL
IPN,SBIP
IMP,SBIZ
JDF,SBJF
JPA,SBJP
JOI,SBJV
CPV,SBKG
VCP,SBKP
LIP,SBLN
LDB,SBLO
LAZ,SBLP
MAB,SBMA
MGF,SBMG
MOC,SBMK
PLL,SBMN
MCZ,SBMO
MCP,SBMQ
MVF,SBMS
MNX,SBMY
NVT,SBNF
GEL,SBNM
NAT,SBSG
POA,SBPA
POO,SBPC
PFB,SBPF
PET,SBPK
PNZ,SBPL
PNB,SBPN
PMG,SBPP
PVH,SBPV
RBR,SBRB
REC,SBRF
SDU,SBRJ
RAO,SBRP
STU,SBSC
SJK,SBSJ
SLZ,SBSL
CGH,SBSP
SJP,SBSR
SSZ,SBST
SSA,SBSV
TMT,SBTB
THE,SBTE
TFF,SBTF
TBT,SBTT
TUR,SBTU
SJL,SBUA
PAV,SBUF
URG,SBUG
UDI,SBUL
UBA,SBUR
VAG,SBVG
BVH,SBVH
VIX,SBVT
QPS,SBYS
ARI,SCAR
BBA,SCBA
CCH,SCCC
CJC,SCCF
PUQ,SCCI
GXQ,SCCY
IQQ,SCDA
SCL,SCEL
ANF,SCFA
WPR,SCFM
LSQ,SCGE
WPU,SCGZ
CCP,SCIE
IPC,SCIP
ZOS,SCJO
LSC,SCSE
ZCO,SCTC
PMC,SCTE
WCH,SCTN
ZAL,SCVD
ATF,SEAM
OCC,SECO
CUE,SECU
GPS,SEGS
GYE,SEGU
LTX,SELT
XMS,SEMC
MCH,SEMH
MEC,SEMT
PVO,SEPV
UIO,SEQM
ETR,SERO
SNC,SESA
TPC,SETR
TUA,SETU
ASU,SGAS
CIO,SGCO
AXM,SKAR
PUU,SKAS
BGA,SKBG
BOG,SKBO
BAQ,SKBQ
BSC,SKBS
BUN,SKBU
CUC,SKCC
CTG,SKCG
CLO,SKCL
TCO,SKCO
CZU,SKCZ
EJA,SKEJ
FLA,SKFL
GPI,SKGP
IBE,SKIB
IPI,SKIP
APO,SKLC
LET,SKLT
EOH,SKMD
MGN,SKMG
MTR,SKMR
MVP,SKMU
MZL,SKMZ
NVA,SKNV
OCV,SKOC
OTU,SKOT
PCR,SKPC
PEI,SKPE
PPN,SKPP
PSO,SKPS
PVA,SKPV
MDE,SKRG
RCH,SKRH
SJE,SKSJ
SMR,SKSM
ADZ,SKSP
SVI,SKSV
TME,SKTM
AUC,SKUC
UIB,SKUI
ULQ,SKUL
VUP,SKVP
VVC,SKVV
BJO,SLBJ
CBB,SLCB
CIJ,SLCO
LPB,SLLP
POI,SLPO
PSZ,SLPS
SRE,SLSU
TJA,SLTJ
TDD,SLTR
VVI,SLVR
BYC,SLYA
PBM,SMJP
CAY,SOCA
PCL,SPCL
CHM,SPEO
CIX,SPHI
AYP,SPHO
ANS,SPHY
ATA,SPHZ
LIM,SPIM
JJI,SPJI
JUL,SPJL
TBP,SPME
YMS,SPMS
CHH,SPPY
IQT,SPQT
AQP,SPQU
TRU,SPRU
PIO,SPSO
TPP,SPST
TCQ,SPTN
PEM,SPTU
PIU,SPUR
TYL,SPYL
CUZ,SPZO
MVD,SUMU
STY,SUSO
AGV,SVAC
AAO,SVAN
BLA,SVBC
BNS,SVBI
BRM,SVBM
CBL,SVCB
CAJ,SVCN
CUP,SVCP
CZE,SVCR
CUM,SVCU
GUI,SVGI
GUQ,SVGU
LSP,SVJC
LFR,SVLF
MAR,SVMC
MRD,SVMD
PMV,SVMG
CCS,SVMI
MUN,SVMT
PYH,SVPA
PBL,SVPC
PZO,SVPR
SVZ,SVSA
SNV,SVSE
STD,SVSO
SFD,SVSR
SOM,SVST
STB,SVSZ
TUV,SVTC
VLN,SVVA
VLV,SVVL
VDP,SVVP
LTM,SYLT
ANU,TAPA
BGI,TBPB
DCF,TDCF
DOM,TDPD
FDF,TFFF
SFG,TFFG
PTP,TFFR
GND,TGPY
STT,TIST
STX,TISX
BQN,TJBQ
FAJ,TJFA
SIG,TJIG
MAZ,TJMZ
PSE,TJPS
SJU,TJSJ
SKB,TKPK
SLU,TLPC
UVF,TLPL
AUA,TNCA
BON,TNCB
CUR,TNCC
EUX,TNCE
SXM,TNCM
AXA,TQPF
TAB,TTCP
POS,TTPP
EIS,TUPJ
CIW,TVSC
MQS,TVSM
SVD,TVSV
ALA,UAAA
BXH,UAAH
TSE,UACC
DMB,UADD
FRU,UAFM
OSS,UAFO
CIT,UAII
URA,UARR
PWQ,UASP
PLX,UASS
AKX,UATT
GYD,UBBB
YKS,UEEE
MJZ,UERR
BQS,UHBB
KHV,UHHH
PVS,UHMD
GDX,UHMM
PWE,UHMP
PKC,UHPP
UUS,UHSS
VVO,UHWW
HTA,UIAA
BTK,UIBB
IKT,UIII
UUD,UIUU
KBP,UKBB
DOK,UKCC
DNK,UKDD
SIP,UKFF
IEV,UKKK
LWO,UKLL
ODS,UKOO
LED,ULLI
MMK,ULMM
GME,UMGG
VTB,UMII
KGD,UMKK
MHP,UMMM
MSQ,UMMS
ABA,UNAA
BAX,UNBB
KEJ,UNEE
OMS,UNOO
KRR,URKK
MCX,URML
MRV,URMM
STW,URMT
ROV,URRR
AER,URSS
ASF,URWA
VOG,URWW
CEK,USCC
MQF,USCM
NJC,USNN
PEE,USPP
SGC,USRR
SVX,USSS
ASB,UTAA
KRW,UTAK
CRZ,UTAV
DYU,UTDD
BHK,UTSB
SKD,UTSS
TAS,UTTT
BZK,UUBP
SVO,UUEE
KLD,UUEM
VOZ,UUOO
VKO,UUWW
SCW,UUYY
KZN,UWKD
REN,UWOO
UFA,UWUU
KUF,UWWW
AMD,VAAH
AKD,VAAK
IXU,VAAU
BOM,VABB
PAB,VABI
BHJ,VABJ
IXG,VABM
BDQ,VABO
BHO,VABP
BHU,VABV
NMB,VADN
GOI,VAGO
IDR,VAID
JLR,VAJB
JGA,VAJM
IXY,VAKE
HJR,VAKJ
KLH,VAKP
IXK,VAKS
NAG,VANP
ISK,VANR
PNQ,VAPO
PBD,VAPR
RAJ,VARK
RPR,VARP
SSE,VASL
STV,VASU
UDR,VAUD
CMB,VCBI
ACJ,VCCA
RML,VCCC
GOY,VCCG
JAF,VCCJ
TRR,VCCT
PNH,VDPP
REP,VDSR
TNX,VDST
IXA,VEAT
AJL,VELP
IXB,VEBD
BBI,VEBS
CCU,VECC
COH,VECO
DBD,VEDB
GAY,VEGY
IMF,VEIM
IXW,VEJS
JRH,VEJT
IXH,VEKR
IXS,VEKU
IXI,VELR
DIB,VEMN
PAT,VEPT
IXR,VERC
RRK,VERK
VTZ,VEVZ
CXB,VGCB
CGP,VGEG
IRD,VGIS
JSR,VGJR
RJH,VGRJ
SPD,VGSD
ZYL,VGSY
DAC,VGZR
HKG,VHHH
AGR,VIAG
IXD,VIAL
ATQ,VIAR
VNS,VIBN
KUU,VIBR
IXC,VICG
DED,VIDN
DEL,VIDP
GWL,VIGR
JDH,VIJO
JAI,VIJP
JSA,VIJR
IXJ,VIJU
KNU,VIKA
KTU,VIKO
LUH,VILD
IXL,VILH
LKO,VILK
PGH,VIPT
SXR,VISR
TNI,VIST
LPQ,VLLB
PKZ,VLPS
ZVK,VLSK
VTE,VLVT
MFM,VMMC
BWA,VNBW
KTM,VNKT
PKR,VNPK
SIF,VNSI
BIR,VNVT
AGX,VOAT
BLR,VOBL
BEP,VOBI
VGA,VOBZ
CJB,VOCB
COK,VOCI
CCJ,VOCL
CDP,VOCP
BPM,VOHY
IXM,VOMD
IXE,VOML
MAA,VOMM
IXZ,VOPB
PNY,VOPC
RJA,VORY
TIR,VOTP
TRZ,VOTR
TRV,VOTV
PBH,VQPR
MLE,VRMM
DMK,VTBD
UTP,VTBU
LPT,VTCL
PRH,VTCP
HHQ,VTPH
PHS,VTPP
NAW,VTSC
KBV,VTSG
PAN,VTSK
USM,VTSM
HKT,VTSP
UNN,VTSR
HDY,VTSS
TST,VTST
UTH,VTUD
SNO,VTUI
LOE,VTUL
DAD,VVDN
HAN,VVNB
NHA,VVNT
HUI,VVPB
PQC,VVPQ
SGN,VVTS
NYU,VYBG
HEH,VYHH
KET,VYKG
KYP,VYKP
LSH,VYLS
MDL,VYMD
MGZ,VYME
MYT,VYMK
MOG,VYMS
PBU,VYPT
AKY,VYSW
SNW,VYTD
THL,VYTL
RGN,VYYY
UPG,WAAA
BIK,WABB
NBX,WABI
TIM,WABP
DJJ,WAJJ
WMX,WAJW
MKQ,WAKK
GTO,WAMG
PLW,WAML
MDC,WAMM
PSJ,WAMP
OTI,WAMR
TTE,WAMT
LUW,WAMW
AMQ,WAPP
FKQ,WASF
KNG,WASK
BXB,WASO
MKW,WASR
SOQ,WAXX
BTU,WBGB
KCH,WBGG
LMN,WBGJ
MUR,WBGM
MYY,WBGR
SBW,WBGS
LDU,WBKD
BKI,WBKK
LBU,WBKL
TWU,WBKW
BWN,WBSB
PKU,WIBB
DUM,WIBD
CGK,WIII
GNS,WIMB
MES,WIMK
KTG,WIOK
PNK,WIOO
DJB,WIPA
BKS,WIPL
PLM,WIPP
RGT,WIPR
BTJ,WITT
AOR,WMKA
KBR,WMKC
KUA,WMKD
KTE,WMKE
IPH,WMKI
JHB,WMKJ
KUL,WMKK
LGK,WMKL
MKZ,WMKM
TGG,WMKN
PEN,WMKP
DIL,WPDL
QPG,WSAP
XSP,WSSL
SIN,WSSS
ABM,YBAM
ASP,YBAS
BNE,YBBN
OOL,YBCG
CNS,YBCS
CTL,YBCV
ISA,YBMA
MCY,YBMC
MKY,YBMK
PPP,YBPN
ROK,YBRK
TSV,YBTL
WEI,YBWP
AVV,YMAV
ABX,YMAY
MEB,YMEN
HBA,YMHB
LST,YMLT
MBW,YMMB
MEL,YMML
ADL,YPAD
JAD,YPJT
KTA,YPKA
KGI,YPKG
KNX,YPKU
LEA,YPLM
PHE,YPPD
PER,YPPH
UMR,YPWR
XCH,YPXM
BWU,YSBK
CBR,YSCB
CFS,YSCH
CDU,YSCN
DBO,YSDU
NLK,YSNF
SYD,YSSY
TMW,YSTW
WGA,YSWG
PEK,ZBAA
HLD,ZBLA
TSN,ZBTJ
TYN,ZBYN
CAN,ZGGG
CSX,ZGHA
KWL,ZGKL
NNG,ZGNN
SZX,ZGSZ
CGO,ZHCC
WUH,ZHHH
FNJ,ZKPY
LHW,ZLLL
XIY,ZLXY
ULN,ZMUB
JHG,ZPJH
KMG,ZPPP
XMN,ZSAM
KHN,ZSCN
FOC,ZSFZ
HGH,ZSHC
NGB,ZSNB
NKG,ZSNJ
HFE,ZSOF
TAO,ZSQD
SHA,ZSSS
YNT,ZSYT
CKG,ZUCK
KWE,ZUGY
CTU,ZUUU
XIC,ZUXC
KHG,ZWSH
HTN,ZWTN
URC,ZWWW
HRB,ZYHB
MDG,ZYMD
DLC,ZYTL
PVG,ZSPD
TOD,WMBT
SZB,WMSA
NTQ,RJNW
HBE,HEBA
BTI,PABA
LUR,PALU
PIZ,PPIZ
ITO,PHTO
ORL,KORL
BTT,PABT
Z84,PACL
UTO,PAIM
FYU,PFYU
SVW,PASV
FRN,PAFR
TLJ,PATL
CZF,PACZ
BED,KBED
SNP,PASN
EHM,PAEH
STG,PAPB
ILI,PAIL
PTU,PAPM
BMX,PABM
OSC,KOSC
OAR,KOAR
MHR,KMHR
BYS,KBYS
NXP,KNXP
FSM,KFSM
MRI,PAMR
GNT,KGNT
PNC,KPNC
SVN,KSVN
GFK,KGFK
PBF,KPBF
NSE,KNSE
HNM,PHHN
PRC,KPRC
TTN,KTTN
BOS,KBOS
SUU,KSUU
RME,KRME
ENV,KENV
BFM,KBFM
OAK,KOAK
OMA,KOMA
NOW,KNOW
OGG,PHOG
ICT,KICT
MCI,KMCI
MSN,KMSN
DLG,PADL
HRO,KHRO
PHX,KPHX
BGR,KBGR
FXE,KFXE
GGG,KGGG
AND,KAND
GEG,KGEG
HWO,KHWO
SFO,KSFO
CTB,KCTB
ARA,KARA
GNV,KGNV
MEM,KMEM
DUG,KDUG
BIG,PABI
CNW,KCNW
ANN,PANT
CAR,KCAR
LRF,KLRF
HUA,KHUA
POB,KPOB
DHT,KDHT
DLF,KDLF
LAX,KLAX
ANB,KANB
CLE,KCLE
DOV,KDOV
CVG,KCVG
FME,KFME
NID,KNID
HON,KHON
JNU,PAJN
LFT,KLFT
EWR,KEWR
BOI,KBOI
INS,KINS
GCK,KGCK
MOT,KMOT
HHI,PHHI
MXF,KMXF
DAL,KDAL
FCS,KFCS
HLN,KHLN
NKX,KNKX
LUF,KLUF
HHR,KHHR
HUL,KHUL
END,KEND
NTD,KNTD
EDW,KEDW
LCH,KLCH
KOA,PHKO
MYR,KMYR
NLC,KNLC
ACK,KACK
FAF,KFAF
HOP,KHOP
DCA,KDCA
NHK,KNHK
PSX,KPSX
BYH,KBYH
ACY,KACY
TIK,KTIK
PUB,KPUB
PQI,KPQI
GRF,KGRF
ADQ,PADQ
UPP,PHUP
FLL,KFLL
MKO,KMKO
INL,KINL
SLC,KSLC
CDS,KCDS
BIX,KBIX
LSF,KLSF
FRI,KFRI
MDT,KMDT
LNK,KLNK
LAN,KLAN
MUE,PHMU
MSS,KMSS
HKY,KHKY
SPG,KSPG
FMY,KFMY
IAH,KIAH
MLT,KMLT
ADW,KADW
INT,KINT
VCV,KVCV
CEW,KCEW
GTB,KGTB
PHN,KPHN
BFL,KBFL
ELP,KELP
HRL,KHRL
CAE,KCAE
DMA,KDMA
NPA,KNPA
PNS,KPNS
RDR,KRDR
HOU,KHOU
BKF,KBKF
ORT,PAOR
PAQ,PAAQ
PIT,KPIT
BRW,PABR
EFD,KEFD
NUW,KNUW
ALI,KALI
VAD,KVAD
MIA,KMIA
SEA,KSEA
CHA,KCHA
BDR,KBDR
JAN,KJAN
GLS,KGLS
LGB,KLGB
HDH,PHDH
IPT,KIPT
IND,KIND
SZL,KSZL
AKC,KAKR
GWO,KGWO
HPN,KHPN
FOK,KFOK
JBR,KJBR
LNA,KLNA
NZY,KNZY
BIF,KBIF
YUM,KNYL
CNM,KCNM
DLH,KDLH
BET,PABE
LOU,KLOU
FHU,KFHU
LIH,PHLI
HUF,KHUF
HVR,KHVR
MWH,KMWH
MPV,KMPV
RIC,KRIC
SHV,KSHV
CDV,PACV
ORF,KORF
BPT,KBPT
SAV,KSAV
HIF,KHIF
OME,PAOM
PIE,KPIE
MNM,KMNM
CXO,KCXO
SCC,PASC
SAT,KSAT
ROC,KROC
COF,KCOF
TEB,KTEB
RCA,KRCA
RDU,KRDU
DAY,KDAY
ENA,PAEN
MLC,KMLC
IAG,KIAG
CFD,KCFD
PHF,KPHF
ESF,KESF
LTS,KLTS
TUS,KTUS
MIB,KMIB
BAB,KBAB
IKK,KIKK
GSB,KGSB
PVD,KPVD
SBY,KSBY
RIU,KRIU
BUR,KBUR
DTW,KDTW
TPA,KTPA
PMB,KPMB
POE,KPOE
EIL,PAEI
HIB,KHIB
LFK,KLFK
MAF,KMAF
GRB,KGRB
ADM,KADM
WRI,KWRI
SBO,KSBO
AGS,KAGS
ISN,KISN
LIT,KLIT
SWF,KSWF
BDE,KBDE
SAC,KSAC
HOM,PAHO
TBN,KTBN
MGE,KMGE
SKA,KSKA
HTL,KHTL
PAM,KPAM
DFW,KDFW
MLB,KMLB
TCM,KTCM
AUS,KAUS
LCK,KLCK
MQT,KSAW
TYS,KTYS
HLR,KHLR
STL,KSTL
MIV,KMIV
SPS,KSPS
LUK,KLUK
ATL,KATL
MER,KMER
MCC,KMCC
GRR,KGRR
INK,KINK
FAT,KFAT
VRB,KVRB
IPL,KIPL
BNA,KBNA
LRD,KLRD
EDF,PAED
OTZ,PAOT
AOO,KAOO
DYS,KDYS
ELD,KELD
LGA,KLGA
TLH,KTLH
DPA,KDPA
ACT,KACT
AUG,KAUG
INJ,KINJ
MKL,KMKL
MKK,PHMK
FTK,KFTK
SJT,KSJT
CXL,KCXL
CIC,KCIC
BTV,KBTV
JAX,KJAX
DRO,KDRO
IAD,KIAD
CLL,KCLL
SFF,KSFF
MKE,KMKE
ABI,KABI
COU,KCOU
PDX,KPDX
TNT,KTNT
PBI,KPBI
FTW,KFTW
OGS,KOGS
BFI,KBFI
SKF,KSKF
HNL,PHNL
DSM,KDSM
EWN,KEWN
SAN,KSAN
MLU,KMLU
SSC,KSSC
ONT,KONT
GVT,KGVT
ROW,KROW
DET,KDET
BRO,KBRO
DHN,KDHN
WWD,KWWD
MTC,KMTC
FMN,KFMN
CRP,KCRP
SYR,KSYR
NQX,KNQX
MDW,KMDW
SJC,KSJC
HOB,KHOB
PNE,KPNE
DEN,KDEN
PHL,KPHL
SUX,KSUX
MCN,KMCN
TCS,KTCS
PMD,KPMD
RND,KRND
NJK,KNJK
CMH,KCMH
FYV,KFYV
FSI,KFSI
PNM,KPNM
FFO,KFFO
GAL,PAGA
MWL,KMWL
IAB,KIAB
NBG,KNBG
BFT,KARW
TXK,KTXK
PBG,KPBG
APG,KAPG
TCC,KTCC
ANC,PANC
GRK,KGRK
ZUN,KZUN
BLI,KBLI
NQA,KNQA
EKN,KEKN
HFD,KHFD
SFZ,KSFZ
MOB,KMOB
NUQ,KNUQ
SAF,KSAF
BKH,PHBK
DRI,KDRI
BSF,PHSF
OLS,KOLS
MCF,KMCF
BLV,KBLV
OPF,KOPF
DRT,KDRT
RSW,KRSW
AKN,PAKN
MUI,KMUI
JHM,PHJH
JFK,KJFK
HST,KHST
RAL,KRAL
FLV,KFLV
WAL,KWAL
HMN,KHMN
NXX,KNXX
CYS,KCYS
SCK,KSCK
CHS,KCHS
RNO,KRNO
KTN,PAKT
YIP,KYIP
VBG,KVBG
BHM,KBHM
NEL,KNEL
LSV,KLSV
RIV,KRIV
MOD,KMOD
SMF,KSMF
UGN,KUGN
COS,KCOS
BUF,KBUF
SKY,KSKY
PAE,KPAE
MUO,KMUO
CDC,KCDC
BDL,KBDL
MFE,KMFE
NGU,KNGU
CEF,KCEF
LBB,KLBB
ORD,KORD
BCT,KBCT
FAI,PAFA
NYG,KNYG
CVS,KCVS
NGF,PHNG
OFF,KOFF
GKN,PAGK
ART,KART
PSP,KPSP
AMA,KAMA
FOD,KFOD
BAD,KBAD
FOE,KFOE
COT,KCOT
ILM,KILM
BTR,KBTR
TYR,KTYR
BWI,KBWI
HBR,KHBR
LNY,PHNY
AEX,KAEX
WSD,KWSD
CDB,PACD
TUL,KTUL
SIT,PASI
ISP,KISP
MSP,KMSP
ILG,KILG
DUT,PADU
MSY,KMSY
PWM,KPWM
OKC,KOKC
ALB,KALB
VDZ,PAVD
LFI,KLFI
SNA,KSNA
CBM,KCBM
TMB,KTMB
NTU,KNTU
GUS,KGUS
CPR,KCPR
VPS,KVPS
SEM,KSEM
EYW,KEYW
CLT,KCLT
LAS,KLAS
MCO,KMCO
FLO,KFLO
GTF,KGTF
YNG,KYNG
FBK,PAFB
MMV,KMMV
WRB,KWRB
BKK,VTBS
NAH,WAMH
TTR,WAWT
KDI,WAWW
SBG,WITB
MLG,WARA
BDO,WICC
CBN,WICD
JOG,WARJ
CXP,WIHL
PCB,WIHP
SRG,WARS
BTH,WIDD
TJQ,WIOD
PGK,WIPK
TNJ,WIDN
SIQ,WIDS
BDJ,WAOO
PKN,WAOI
PKY,WAOP
MOF,WATC
ENE,WATE
RTG,WATG
KOE,WATT
LBJ,WATO
BPN,WALL
TRK,WALR
SRI,WALS
AMI,WADA
BMU,WADB
WGP,WADW
SUB,WARR
SOC,WARQ
ICN,RKSI
CNX,VTCC
CEI,VTCT
NST,VTSF
NAK,VTUQ
KOP,VTUW
UBP,VTUU
KKC,VTUK
THS,VTPO
DPS,WADD
ATH,LGAV
NGO,RJGG
UKB,RJBE
PUW,KPUW
LWS,KLWS
ELM,KELM
ITH,KITH
MRY,KMRY
SBA,KSBA
DAB,KDAB
LPX,EVLA
RIX,EVRA
SQQ,EYSA
HLJ,EYSB
KUN,EYKA
PLQ,EYPA
VNO,EYVI
PNV,EYPP
EVN,UDYZ
LWN,UDSG
ASA,HHSB
ASM,HHAS
MSW,HHMS
GZA,LVGZ
BUS,UGSB
KUT,UGKO
TBS,UGTB
RIY,OYRN
TAI,OYTZ
HOD,OYHD
ADE,OYAA
AXK,OYAT
AAY,OYGD
SAH,OYSN
BHN,OYBN
SCT,OYSQ
FMM,EDJA
NAV,LTAZ
EZE,SAEZ
EBL,ORER
EMD,YEML
HEW,LGAT
KIX,RJBB
TAG,RPVT
JAV,BGJN
JCH,BGCH
JEG,BGAA
PMI,LEPA
DRW,YPDN
URT,VTSB
TKA,PATK
GZM,LMMG
HVN,KHVN
AVL,KAVL
GSO,KGSO
FSD,KFSD
AYQ,YAYE
MHT,KMHT
APF,KAPF
RDN,WMPR
SDF,KSDF
CHO,KCHO
ROA,KROA
LEX,KLEX
EVV,KEVV
ABQ,KABQ
BZN,KBZN
BIL,KBIL
BTM,KBTM
TVC,KTVC
FRS,MGTK
BHB,KBHB
RKD,KRKD
JAC,KJAC
RFD,KRFD
DME,UUDD
SYX,ZJSY
MFN,NZMF
LJG,ZPLJ
GSP,KGSP
BMI,KBMI
GPT,KGPT
AZO,KAZO
TOL,KTOL
FWA,KFWA
DEC,KDEC
CID,KCID
LSE,KLSE
CWA,KCWA
PIA,KPIA
ATW,KATW
RST,KRST
CMI,KCMI
MHK,KMHK
KGC,YKSC
HVB,YHBA
DLU,ZPDL
MZV,WBMU
SSH,HESH
FKL,KFKL
NBO,HKJK
SEU,HTSN
FTE,SAWC
ARM,YARM
GJT,KGJT
SGU,KSGU
DWH,KDWH
S46,XS46
SRQ,KSRQ
BDA,TXKF
VNY,KVNY
MLI,KMLI
PFN,KPFN
HIR,AGGH
PPT,NTAA
INU,ANYN
FUN,NGFU
OVB,UNNT
XKH,VLXK
BIS,KBIS
TEX,KTEX
INC,ZLIC
HGN,VTCH
RAP,KRAP
CLD,KCRQ
FNT,KFNT
DVO,RPMD
FNC,LPMA
STM,SBSN
KOS,VDSV
YOA,CYOA
NPE,NZNR
LEV,NFNB
LXA,ZULS
RDD,KRDD
EUG,KEUG
IDA,KIDA
MFR,KMFR
KBZ,NZKI
RDM,KRDM
PCN,NZPN
WDH,FYWH
YWH,CYWH
TNA,ZSJN
CZX,ZSCG
YBP,ZUYB
TJM,USTR
CAK,KCAK
HSV,KHSV
PKB,KPKB
MGM,KMGM
TRI,KTRI
PAH,KPAH
JIB,HDAM
HAK,ZJHK
MFA,HTMA
PGA,KPGA
UII,MHUT
FCA,KGPI
MBS,KMBS
BGM,KBGM
BGW,ORBI
NNT,VTCN
ROI,VTUV
BFV,VTUO
TDX,VTBO
BLH,KBLH
CRK,RPLC
SDK,WBKS
LXG,VLLN
ODY,VLOS
SHE,ZYTX
MNI,TRPG
PSG,PAPG
LYA,ZHLY
XUZ,ZSXZ
MWQ,VYMW
KHM,VYKI
DLI,VVDL
VKG,VVRG
CAH,VVCM
VCL,VVCA
TBB,VVTH
PYY,VTCI
BWK,LDSB
NSI,FKYS
CKY,GUCY
AAH,EDKA
FKB,EDSB
SFB,KSFB
JST,KJST
LUA,VNLK
BHP,VNBJ
LDN,VNLD
JMO,VNJS
NGX,VNMA
PPL,VNPL
RUM,VNRT
DNP,VNDG
RUK,VNRK
JUM,VNJL
TPJ,VNTJ
TMI,VNTR
SKH,VNSK
IMK,VNST
DOP,VNDP
BJH,VNBG
DHI,VNDH
MWX,RKJB
JTY,LGPL
JIK,LGIK
JKL,LGKY
MLO,LGML
JNX,LGNX
PAS,LGPA
KZS,LGKJ
RMF,HEMA
NRN,EDLV
USU,RPVV
BXU,RPME
DPL,RPMG
LAO,RPLI
LGP,RPLP
OZC,RPMO
CEB,RPVM
NOE,EDWS
JUI,EDWJ
BPS,SBPS
PMW,SBPJ
CLV,SBCN
MSO,KMSO
BKQ,YBCK
BDB,YBUD
GCN,KGCN
SGR,KSGR
HIS,YHYN
APA,KAPA
CVN,KCVN
FST,KFST
LVS,KLVS
IWS,KIWS
LHX,KLHX
LRU,KLRU
BKD,KBKD
TPL,KTPL
OZA,KOZA
KDM,VRMT
LAK,CYKD
YWJ,CYWJ
ZFN,CZFN
YGH,CYGH
TAH,NVVW
YPC,CYPC
SRZ,SLET
SAB,TNCS
EGE,KEGE
SKN,ENSK
CGF,KCGF
MFD,KMFD
CSG,KCSG
LAW,KLAW
FNL,KFNL
FLG,KFLG
TVL,KTVL
TWF,KTWF
MVY,KMVY
CON,KCON
GON,KGON
STC,KSTC
BPE,ZBDH
GTR,KGTR
GOJ,UWGG
HQM,KHQM
ERI,KERI
HYA,KHYA
SDX,KSEZ
MGW,KMGW
CRW,KCRW
AVP,KAVP
BJI,KBJI
THG,YTNG
FGI,NSFI
BNK,YBNA
FAR,KFAR
MKC,KMKC
RBE,VDRK
GCC,KGCC
TOF,UNTT
PHY,VTPB
CJM,VTSE
JZH,ZUJZ
SWA,ZGOW
GEO,SYCJ
AGT,SGES
OGL,SYGO
KAI,PKSA
DNH,ZLDH
AOI,LIPY
CPO,SCHA
TCP,HETB
LYB,MWCL
BJV,LTFE
TBJ,DTKA
SAW,LTFJ
SCE,KUNV
BME,YBRM
NTL,YWLM
KLU,LOWK
HFT,ENHF
HVG,ENHV
MEH,ENMH
VDS,ENVD
IKA,OIIE
MHD,OIMM
UIK,UIBS
MEI,KMEI
SPI,KSPI
CEZ,KCEZ
HDN,KHDN
GUP,KGUP
LBL,KLBL
LAA,KLAA
GLD,KGLD
COD,KCOD
HOV,ENOV
ISC,EGHE
SGF,KSGF
NVK,ENNK
BVG,ENBV
FBU,ENFB
NSK,UOOO
AAQ,URKA
JLN,KJLN
ABE,KABE
XNA,KXNA
GUW,UATG
KZO,UAOO
SBN,KSBN
BKA,UUBB
ARH,ULAA
RTW,UWSS
NUX,USMU
NOJ,USRO
SCO,UATE
UCT,UUYH
USK,UUYS
PEX,UUYP
NNM,ULAM
PKV,ULOO
KGP,USRK
KJA,UNKL
KGF,UAKK
URJ,USHU
IWA,UUBI
CGQ,ZYCC
KIJ,RJSN
JON,PJON
SMD,KSMD
ACV,KACV
OAJ,KOAJ
TCL,KTCL
DBQ,KDBQ
ATD,AGAT
AKS,AGGA
BAS,AGGE
FRE,AGGF
MBU,AGGI
IRA,AGGK
SCZ,AGGL
MUA,AGGM
GZO,AGGN
MNY,AGGO
RNL,AGGR
RUS,AGGU
VAO,AGGV
KGE,AGKG
RBV,AGRM
BUA,AYBK
CMU,AYCH
DAU,AYDU
GUR,AYGN
PNP,AYGR
HKN,AYHK
UNG,AYKI
KRI,AYKK
KMA,AYKM
KVG,AYKV
MDU,AYMN
MAS,AYMO
MXH,AYMR
MIS,AYMS
TIZ,AYTA
TBG,AYTB
RAB,AYTK
VAI,AYVN
WBM,AYWD
LLU,BGAP
CNP,BGCO
JFR,BGFH
JGO,BGGN
JJU,BGJH
JSU,BGMQ
JNN,BGNN
JNS,BGNS
NAQ,BGQQ
JHS,BGSS
JUV,BGUK
JQA,BGUQ
GRY,BIGR
THO,BITN
VPN,BIVO
YWS,CAE5
YAA,CAJ4
YWM,CCA6
YFX,CCK4
YHA,CCP4
YRG,CCZ2
YCK,CEB3
YLE,CEM3
SUR,CJV7
YAX,CKB6
WNN,CKL3
YNO,CKQ3
XBE,CNE3
KIF,CNM5
YOG,CNT3
YHP,CPV7
YKU,CSU2
ZTB,CTB6
ZLT,CTU5
YAC,CYAC
YAG,CYAG
XKS,CYAQ
YKG,CYAS
YAT,CYAT
YBE,CYBE
YBX,CYBX
YRF,CYCA
YCS,CYCS
YDP,CYDP
YER,CYER
YFA,CYFA
YFH,CYFH
YMN,CYFT
YGB,CYGB
YGO,CYGO
YGT,CYGT
YGW,CYGW
YGX,CYGX
YGZ,CYGZ
YQC,CYHA
CXH,CYHC
YNS,CYHH
YHO,CYHO
YHR,CYHR
YIK,CYIK
YIV,CYIV
AKV,CYKO
YKQ,CYKQ
YPJ,CYLA
YLC,CYLC
YLH,CYLH
YSG,CYSG
XGR,CYLU
YMH,CYMH
YMT,CYMT
YUD,CYMU
YNC,CYNC
YNE,CYNE
YNL,CYNL
YOH,CYOH
YPH,CYPH
YPM,CYPM
YPO,CYPO
YPW,CYPW
YQD,CYQD
YQN,CYQN
YRA,CYRA
YRL,CYRL
YSF,CYSF
YSK,CYSK
YST,CYST
YTL,CYTL
YVZ,CYVZ
YWP,CYWP
YXN,CYXN
YZG,CYZG
ZAC,CZAC
ILF,CZBD
ZBF,CZBF
ZEM,CZEM
ZFD,CZFD
ZGI,CZGI
ZJN,CZJN
ZKE,CZKE
MSA,CZMD
ZMT,CZMT
ZPB,CZPB
ZRJ,CZRJ
ZSJ,CZSJ
ZTM,CZTM
ZUM,CZUM
ZWL,CZWL
BLJ,DABT
CBH,DAOR
BMW,DATM
ELU,DAUO
KMS,DGSI
HDF,EDAH
HEI,EDXB
HGL,EDXH
SJY,EFSI
NQT,EGBN
DSA,EGCN
CAL,EGEC
EOI,EGED
FIE,EGEF
NRL,EGEN
PPW,EGEP
SOY,EGER
NDY,EGES
LWK,EGET
WRY,EGEW
LEQ,EGHC
PZE,EGHK
VLY,EGOV
BRR,EGPR
CFN,EIDL
CNL,EKSN
LKN,ENLK
OSY,ENNM
MQN,ENRA
RVK,ENRM
RET,ENRS
SDN,ENSD
SOG,ENSG
SVJ,ENSH
SOJ,ENSR
VAW,ENSS
VRY,ENVR
BZG,EPBY
LCJ,EPLL
OSD,ESNZ
HFS,ESOH
KSD,ESOK
TYF,ESST
AGH,ESTA
SQO,ESUD
HMV,ESUT
VTS,EVVA
QRA,FAGM
MQP,FAKN
AAM,FAMD
MBD,FAMM
GNZ,FBGZ
ORP,FBOR
SWX,FBSW
TLD,FBTL
DIS,FCPL
CIP,FLCP
SLI,KSLI
YVA,FMCN
WAQ,FMMG
JVA,FMMK
BMD,FMML
MXT,FMMO
TVA,FMMR
WTA,FMMU
WTS,FMMX
WAM,FMMZ
WPB,FMNG
DWB,FMNO
WMP,FMNP
TTS,KTTS
WMA,FMNX
MJA,FMSJ
CBT,FNCT
DUE,FNDU
VPE,FNGI
MSZ,FNMO
KOU,FOGK
MJL,FOGM
TCH,FOOT
VPY,FQCH
SRH,FTTA
CMK,FWCM
LUD,FYLZ
OND,FYOA
OMD,FYOG
SWP,FYSM
ERS,FYWE
BOA,FZAJ
MAT,FZAM
INO,FZBA
NIO,FZBI
KRZ,FZBT
BSU,FZEN
TSH,FZUK
LJA,FZVA
PFR,FZVS
GMZ,GCGM
BTE,GFBN
KBS,GFBO
KEN,GFKE
OXB,GGOV
SMW,GMMA
VIL,GMMH
ESU,GMMI
EUN,GMML
NDR,GMMW
RAI,GVNP
SFL,GVSF
BCO,HABC
BEI,HABE
DSE,HADC
DEM,HADD
GDE,HAGO
GOR,HAGR
ABK,HAKD
MTF,HAMT
TIE,HATP
ALU,HCMA
BSA,HCMF
MGQ,HCMM
GLK,HCMR
BUO,HCMV
AAC,HEAR
ATZ,HEAT
ASV,HKAM
LKG,HKLK
MYD,HKML
NYK,HKNY
SRX,HLGD
TOB,HLGN
MJI,HLLM
LAQ,HLLQ
ATB,HSAT
UYL,HSNN
PZU,HSPN
BKZ,HTBU
TKQ,HTKA
LDI,HTLI
MUZ,HTMU
SHY,HTSY
TBO,HTTB
RUA,HUAR
ULU,HUGU
DIU,VA1P
ABR,KABR
ABY,KABY
AHN,KAHN
ALM,KALM
ALO,KALO
ALW,KALW
APN,KAPN
ATY,KATY
BFD,KBFD
BFF,KBFF
BKW,KBKW
BQK,KBQK
BRL,KBRL
CEC,KCEC
CGI,KCGI
CIU,KCIU
CKB,KCKB
CLM,KCLM
CMX,KCMX
DDC,KDDC
DUJ,KDUJ
EAU,KEAU
EKO,KEKO
EWB,KEWB
FAY,KFAY
GGW,KGGW
GRI,KGRI
HOT,KHOT
HTS,KHTS
KIO,Q51
IRK,KIRK
JMS,KJMS
LAR,KLAR
LBE,KLBE
LBF,KLBF
LEB,KLEB
LMT,KLMT
LNS,KLNS
LWT,KLWT
LYH,KLYH
MKG,KMKG
MLS,KMLS
MSL,KMSL
OTH,KOTH
OWB,KOWB
PIB,KPIB
PIH,KPIH
PIR,KPIR
PLN,KPLN
PSM,KPSM
RDG,KRDG
RHI,KRHI
RKS,KRKS
RUT,KRUT
SBP,KSBP
SHR,KSHR
SLK,KSLK
SLN,KSLN
SMX,KSMX
TUP,KTUP
UIN,KUIN
VCT,KVCT
VLD,KVLD
WRL,KWRL
YKM,KYKM
ECN,LCEN
RJL,LELO
IDY,LFEY
ANE,LFJR
LTT,LFTZ
JSY,LGSO
PEV,LHPP
QGY,LHPR
SOB,LHSM
AOT,LIMW
QSR,LIRI
CVU,LPCR
BNX,LQBK
USQ,LTBO
KSY,LTCF
SFQ,LTCH
KCM,LTCN
AJI,LTCO
ADF,LTCP
ISE,LTFC
EDO,LTFD
SZF,LTFH
ILZ,LZZI
GDT,MBGT
MDS,MBMC
SLX,MBSY
AZS,MDCY
JBQ,MDJB
PBR,MGPB
AAZ,MGQZ
UTK,03N
AHS,MHAH
PEU,MHPL
MIJ,MLIP
CYW,MMCY
CUA,MMDA
GUB,MMGR
JAL,MMJA
CTD,MPCE
ONX,MPEJ
JQE,MPJE
PLP,MPLP
TTQ,MRAO
BCL,MRBC
TNO,MRCV
PBP,MRIA
PJM,MRPJ
SYQ,MRPV
JEE,MTJE
PAX,MTPX
TND,MUTD
COX,MYAK
ATC,MYCA
CAT,MYCB
CRI,MYCI
PID,MYPI
AIU,NCAT
MGS,NCMG
MHX,NCMH
MUK,NCMK
MOI,NCMR
PYE,NCPY
ICI,NFCI
PTF,NFFO
KDV,NFKD
MNF,NFMA
MFJ,NFMO
NGI,NFNG
LKB,NFNK
LBS,NFNL
TVU,NFNM
KXF,NFNO
RTA,NFNR
SVU,NFNS
EUA,NFTE
HPA,NFTL
NFO,NFTO
NTT,NFTP
VBV,NFVB
IUE,NIUE
FUT,NLWF
MXS,NSMA
APK,NTGD
AHE,NTHE
AUQ,NTMN
UAP,NTMP
UAH,NTMU
MTV,NVSA
SLH,NVSC
TOH,NVSD
EAE,NVSE
CCV,NVSF
LOD,NVSG
SSR,NVSH
PBJ,NVSI
LPM,NVSL
LNB,NVSM
MWF,NVSN
LNE,NVSO
NUS,NVSP
ZGU,NVSQ
RCL,NVSR
SON,NVSS
TGH,NVST
ULB,NVSU
VLS,NVSV
SWJ,NVSX
OLZ,NVSZ
AUY,NVVA
AWD,NVVB
DLY,NVVD
FTA,NVVF
IPA,NVVI
TGJ,NWWA
BMY,NWWC
ILP,NWWE
FBD,OAFZ
DWD,OEDW
AJF,OESK
EWD,OEWD
KHD,OICK
BXR,OIKM
RJN,OIKR
BJB,OIMN
AFZ,OIMS
NSH,OINN
SRY,OINZ
LRR,OISL
ADU,OITL
OMH,OITR
AAN,OMAL
BNP,OPBN
BHV,OPBW
CJL,OPCH
DBA,OPDB
DEA,OPDG
DSK,OPDI
JIW,OPJI
HDD,OPKD
KDD,OPKH
ORW,OPOR
PAJ,OPPC
KDU,OPSD
SYW,OPSN
TUK,OPTU
ISU,ORSU
KAC,OSKL
GXF,OYSY
ADK,PADK
GST,PAGS
SGY,PAGY
HCR,PAHC
HNS,PAHN
KLG,PALG
MCG,PAMC
MOU,PAMO
ANI,PANI
VAK,PAVA
WRG,PAWG
LUP,PHLU
ENT,PKMA
LZN,RCFG
HCN,RCKW
MFK,RCMT
KUH,RJCK
OKD,RJCO
HSG,RJFS
NKM,RJNA
IWJ,RJOW
FKS,RJSF
ONJ,RJSR
SYO,RJSY
MYE,RJTQ
KUV,RKJK
MPK,RKJM
WJU,RKNW
YNY,RKNY
HIN,RKPS
CJJ,RKTU
SFS,RPLB
CYU,RPLO
CGM,RPMH
JOL,RPMJ
SGS,RPMN
SUG,RPMS
TDG,RPMW
WNP,RPUN
BSO,RPUO
SFE,RPUS
TUG,RPUT
VRC,RPUV
CYP,RPVC
CRM,RPVF
MBT,RPVJ
RXS,RPVR
TTG,SAST
LHS,SAVH
OES,SAVN
ING,SAWA
GGS,SAWR
SST,SAZL
NEC,SAZO
JDO,SBJU
LEC,SBLE
MEA,SBME
MII,SBML
VDC,SBQV
RIA,SBSM
TOW,SBTD
ESR,SCES
ZPC,SCPC
SOD,SDCO
SCY,SEST
LOH,SETM
ESM,SETN
PSY,SFAL
CRC,SKGO
GLJ,SKGZ
LQM,SKLG
LPD,SKLP
NQU,SKNQ
PDA,SKPD
EYP,SKYP
GYA,SLGY
PUR,SLPR
RIB,SLRI
REY,SLRY
SRJ,SLSB
ORG,SMZO
MVS,SNMU
LHC,SPBC
CJA,SPJR
HUU,SPNC
NZC,SPZA
SRA,SSZR
MDO,SUPE
MYC,SVBS
VIG,SVVG
JPR,SWJI
BBQ,TAPH
DSD,TFFA
BBR,TFFB
SFC,TFFC
GBJ,TFFM
NEV,TKPN
VIJ,TUPW
BQU,TVSB
UNI,TVSU
KOV,UACK
PPK,UACP
DZN,UAKD
UKK,UASK
KSN,UAUU
KVD,UBBG
NAJ,UBBN
CNN,UELL
PYJ,UERP
CKH,UESO
CYX,UESS
IKS,UEST
KXK,UHKK
DYR,UHMA
OHO,UHOO
UJE,UJAP
MPW,UKCM
VSG,UKCW
OZH,UKDE
KWG,UKDR
HRK,UKHH
IFO,UKLI
CWC,UKLN
RWN,UKLR
UDJ,UKLU
CSH,ULAS
CEE,ULBC
AMV,ULDD
KSZ,ULKK
PES,ULPB
GNA,UMMG
MVQ,UMOO
EIE,UNII
KYZ,UNKY
NOZ,UNWW
HTG,UOHH
IAA,UOII
GRV,URMG
NAL,URMN
OGZ,URMO
ESL,URWI
WKK,5A8
BLF,KBLF
GLH,KGLH
PSC,KPSC
KQA,KQA
LPS,S31
SLY,USDD
HMA,USHH
NYA,USHN
OVS,USHS
IJK,USII
KVX,USKK
NYM,USMM
RAT,USNR
NFG,USRN
KRO,USUU
LBD,UTDL
AZN,UTKA
FEG,UTKF
NMA,UTKN
NCU,UTNN
UGC,UTNU
KSQ,UTSL
TMJ,UTST
RYB,UUBK
EGO,UUOB
URS,UUOK
LPK,UUOL
VKT,UUYW
UUA,UWKB
JOK,UWKJ
CSY,UWKS
ULY,UWLW
OSW,UWOR
PEZ,UWPP
SKX,UWPS
BWO,UWSB
HBX,VAHB
KCT,VCCK
WRZ,VCCW
BBM,VDBG
SHL,VEBI
GAU,VEGT
DMU,VEMR
TEZ,VETZ
BZL,VGBR
OUI,VLHS
BHR,VNBP
BDP,VNCG
MEY,VNMG
KEP,VNNG
GAN,VRMG
HAQ,VRMH
KDO,VRMK
MAQ,VTPM
BMV,VVBM
HPH,VVCI
CXR,VVCR
VCS,VVCS
VCA,VVCT
DIN,VVDB
UIH,VVPC
PXU,VVPK
VII,VVVH
BMO,VYBM
TVY,VYDW
KAW,VYKT
LIW,VYLK
MNU,VYMM
BSX,VYPN
PKK,VYPU
SWQ,WADS
TMC,WADT
BUI,WAJB
SEH,WAJS
TJS,WALG
DTD,WALJ
BEJ,WALK
TJG,WAON
SMQ,WAOS
LUV,WAPL
ARD,WATM
BLG,WBGC
LGL,WBGF
ODN,WBGI
MKM,WBGK
BKM,WBGQ
LWY,WBGW
BBN,WBGZ
TMG,WBKM
KUD,WBKT
TKG,WIAT
HLP,WIHH
NTX,WION
PSU,WIOP
SQG,WIOS
PDO,WIPQ
LSW,WITM
PKG,WMPA
LBW,WRLB
NNX,WRLF
LPU,WRLP
ALH,YABA
GYL,YARG
AUU,YAUR
BCI,YBAR
BDD,YBAU
BVI,YBDV
BHQ,YBHI
HTI,YBHM
BEU,YBIE
BRK,YBKE
BUC,YBKT
GIC,YBOI
OKY,YBOK
BQL,YBOU
BHS,YBTH
BLT,YBTR
CVQ,YCAR
CAZ,YCBA
CPD,YCBP
CNC,YCCT
CNJ,YCCY
CED,YCDU
CTN,YCKN
CMA,YCMU
CNB,YCNM
CUQ,YCOE
OOM,YCOM
DMD,YDMG
NLF,YDNI
DPO,YDPO
ELC,YELD
EPR,YESP
FLS,YFLI
GET,YGEL
GLT,YGLA
GTE,YGTE
GFF,YGTH
HID,YHID
HOK,YHOO
MHU,YHOT
HGD,YHUG
JCK,YJLC
KAX,YKBR
KNS,YKII
KFG,YKKG
KRB,YKMB
KWM,YKOW
KUG,YKUB
LNO,YLEO
LEL,YLEV
LDH,YLHI
IRG,YLHR
LSY,YLIS
LHG,YLRD
LRE,YLRE
LER,YLST
LVO,YLTN
UBB,YMAA
MKR,YMEK
MIM,YMER
MGT,YMGB
MNG,YMGD
MCV,YMHU
MQL,YMIA
MMG,YMOG
MRZ,YMOR
MOV,YMRB
MYA,YMRY
MGB,YMTG
ONG,YMTI
MYI,YMUI
MBH,YMYB
NRA,YNAR
NAA,YNBR
NTN,YNTN
ZNE,YNWN
OLP,YOLD
PUG,YPAG
PMK,YPAM
PBO,YPBO
CCK,YPCC
GOV,YPGV
PKE,YPKS
PLO,YPLC
EDR,YPMP
PQQ,YPMQ
PTJ,YPOD
ULP,YQLP
RAM,YRNG
RMA,YROM
SGO,YSGE
MJK,YSHK
SBR,YSII
SRN,YSRN
XTG,YTGM
TCA,YTNK
VCD,YVRD
SYU,YWBS
WNR,YWDH
WYA,YWHA
WUN,YWLU
WOL,YWOL
WIN,YWTN
BWT,YWYY
OKR,YYKI
XMY,YYMI
NAY,ZBNY
CIF,ZBCF
CIH,ZBCZ
DAT,ZBDT
HET,ZBHH
BAV,ZBOW
SJW,ZBSJ
TGO,ZBTL
HLH,ZBUL
XIL,ZBXH
BHY,ZGBH
CGD,ZGCD
DYG,ZGDY
MXZ,ZGMX
ZUH,ZGSD
LZH,ZGZH
ZHA,ZGZJ
ENH,ZHES
NNY,ZHNY
XFN,ZHXF
YIH,ZHYC
AKA,ZLAK
GOQ,ZLGM
HZG,ZLHZ
IQN,ZLQY
XNN,ZLXN
ENY,ZLYA
UYN,ZLYL
AVK,ZMAH
LTI,ZMAT
BYN,ZMBH
DLZ,ZMDZ
HVD,ZMKD
MXV,ZMMN
DIG,ZPDQ
LUM,ZPLX
SYM,ZPSM
ZAT,ZPZT
KOW,ZSGZ
JDZ,ZSJD
JIU,ZSJJ
JUZ,ZSJU
LYG,ZSLG
HYN,ZSLQ
LYI,ZSLY
JJN,ZSQZ
TXN,ZSTX
WEF,ZSWF
WEH,ZSWH
WUX,ZSWX
WUS,ZSWY
WNZ,ZSWZ
YNZ,ZSYN
YIW,ZSYW
HSN,ZSZS
BPX,ZUBD
DAX,ZUDX
GYS,ZUGU
LZO,ZULZ
MIG,ZUMY
NAO,ZUNC
LZY,ZUNZ
WXN,ZUWX
AKU,ZWAK
IQM,ZWCM
KCA,ZWKC
KRL,ZWKL
KRY,ZWKM
YIN,ZWYN
HEK,ZYHE
JMU,ZYJM
JNZ,ZYJZ
NDG,ZYQQ
YNJ,ZYYJ
WKL,HI07
WME,YMNE
LRV,SVRS
IOR,EIIM
NNR,EICA
GTI,EDCG
NBB,USHB
ORH,KORH
AQG,ZSAQ
SHP,ZBSH
YCU,ZBYC
JGN,ZLJQ
DSN,ZBDS
PWT,KPWT
SPW,KSPW
JEF,KJEF
UNT,EGPW
PVC,KPVC
SBH,TFFJ
KMW,UUBA
SUI,UGSS
TBW,UUOT
OBN,EGEO
ERM,SSER
CVF,LFLJ
FUL,KFUL
NVI,UTSA
QSF,DAAS
LRH,LFBH
SUN,KSUN
MCW,KMCW
AZA,KIWA
XAU,SOOS
AKP,PAKP
ANV,PANV
ATK,PATQ
GAM,PAGM
HPB,PAHP
KAL,PAKV
KSM,PASM
KVL,PAVL
MYU,PAMY
RBY,PARY
SHH,PASH
SVA,PASA
WTK,PAWN
OMC,RPVO
YPX,CYPX
YTQ,CYTQ
ARC,PARC
QOW,DNIM
FON,MRAN
TMU,MRTR
CYZ,RPUY
KVK,ULMK
GVR,SBGV
PJA,ESUP
QBC,CYBD
HGR,KHGR
ACR,SKAC
GOP,VEGK
SDP,PASD
HMI,ZWHM
WUZ,ZGWZ
TBH,RPVU
ACP,OITM
GBT,OING
IIL,OICI
PFQ,OITP
TCG,ZWTC
MQM,LTCR
AFS,UTSN
DRG,PADE
LEN,LELN
RGS,LEBG
EGM,AGGS
CQD,OIFS
DHM,VIGG
NDC,VAND
SLV,VISM
IGG,PAIG
KNW,PANW
KVC,PAVC
PTH,PAPH
TOG,PATG
EGN,HSGN
LKH,WBGL
WLH,NVSW
CHG,ZYCY
UAS,HKSB
BHG,MHBL
YVB,CYVB
SKT,OPST
PDP,SULS
WVB,FYWB
MPA,FYKM
AOE,LTBY
CKZ,LTBH
MSR,LTCK
SIC,LTCM
TEQ,LTBU
YEI,LTBR
LSS,TFFS
KMV,VYKL
VQS,TJCG
YIF,CYIF
HDM,OIHH
MRQ,RPUW
GFN,YGFN
OAG,YORG
TRO,YTRE
COQ,ZMCD
HOJ,LOIH
ESC,KESC
YAK,PAYA
GUL,YGLB
CES,YCNK
NSO,YSCO
DGE,YMDG
MTL,YMND
CPX,TJCP
MWA,KMWA
BMQ,KBMQ
OKB,KOKB
KIK,ORKK
IUD,OTBH
GBZ,NZGB
IMT,KIMT
AET,PFAL
MGC,KMGC
SWD,PAWD
GRM,KCKC
AUW,KAUW
MYP,UTAM
LKS,LKSZ
MVA,BIRL
QSA,LELL
WSY,YWHI
MIE,KMIE
LAF,KLAF
VGT,KVGT
ENW,KENW
MTJ,KMTJ
RIW,KRIW
PDT,KPDT
LYM,EGMK
PKH,LGHL
KTR,YPTN
NOA,YSNW
UKC,UKLC
CEJ,UKRR
TNL,UKLT
BQT,UMBB
OSH,KOSH
AGE,EDWG
EAT,KEAT
ARE,TJAB
RIN,AGRC
UKX,UITT
RMT,NTAM
QLS,LSGL
ZJI,LSZL
QNC,LSGN
GDZ,URKG
IAR,UUDL
OHE,ZYMH
JNG,ZLJN
DRK,MRDK
NYT,VYEL
ZXB,ENJA
WUA,ZBUH
GYY,KGYY
BRD,KBRD
LWB,KLWB
PGV,KPGV
CYF,PACK
OXR,KOXR
TEN,ZUTR
NIU,NTKN
SCH,KSCH
NBC,UWKE
IAO,RPNS
LGO,EDWL
NLP,FANS
CKC,UKKE
UST,KSGJ
NLV,UKON
RHP,VNRC
STS,KSTS
ISM,KISM
LCQ,KLCQ
LGU,KLGU
BMC,KBMC
MLD,KMLD
ASE,KASE
ULV,UWLL
ERV,KERV
GED,KGED
ZSW,CZSW
GBN,KGBD
HYS,KHYS
SUS,KSUS
LYU,KELO
GPZ,KGPZ
TVF,KTVF
EGV,KEGV
ARV,KARV
IKV,KIKV
YBV,CYBV
NGP,KNGP
AVX,KAVX
MHV,KMHV
ZIN,LSMI
INQ,EIIR
SWT,UNSS
HUT,KHUT
STJ,KSTJ
NDZ,KNDZ
VOK,KVOK
GUC,KGUC
SIA,ZLSN
TOA,KTOA
MBL,KMBL
PGD,KPGD
WFK,KFVE
JHW,KJHW
YTM,CYFJ
SME,KSME
SHD,KSHD
DVL,KDVL
DIK,KDIK
SDY,KSDY
CDR,KCDR
AIA,KAIA
MCK,KMCK
MTH,KMTH
GDV,KGDV
OLF,KOLF
WYS,KWYS
ALS,KALS
CNY,KCNY
ELY,KELY
VEL,KVEL
SRR,KSRR
SOW,KSOW
MYL,KMYL
SMN,KSMN
MMH,KMMH
FRD,KFHR
ESD,KORS
AST,KAST
ONP,KONP
EMK,PAEM
UNK,PAUN
UUK,PAKU
SHX,PAHX
NUI,PAQT
EEK,PAEE
KUK,PFKA
KWT,PFKW
KWK,PAGG
MLL,PADM
RSH,PARS
KGK,PAJZ
KMO,PAMB
CIK,PACI
EAA,PAEG
HUS,PAHU
HSL,PAHL
NUL,PANU
VEE,PAVE
WBQ,PAWB
CEM,PACE
SHG,PAGH
IYK,KIYK
VIS,KVIS
MCE,KMCE
CYR,SUCA
CPQ,SDAM
TWB,YTWB
AYK,UAUR
AGN,PAGN
ELV,PAEL
FNR,PANR
HNH,PAOH
AFE,PAFE
MTM,PAMM
HYG,PAHY
EGX,PAII
KPV,PAPE
PIP,PAPN
WSN,PFWS
AKK,PAKH
KYK,PAKY
KLN,PALB
ABL,PAFM
BKC,PABL
IAN,PAIK
OBU,PAOB
ORV,PFNO
WLK,PASK
KTS,PFKT
ELI,PFEL
GLV,PAGL
TLA,PATE
WAA,PAIW
WMO,PAWM
KKA,PAKK
SMK,PAMK
SKK,PFSH
TNC,PATC
AKB,PAAK
CYT,PACY
AUK,PAUK
KPN,PAKI
KFP,PAKF
NLG,PAOU
PML,PAAL
KLW,PAKW
KWN,PAQH
KOT,PFKO
KYU,PFKU
SCM,PACM
NNL,PANO
KKH,PADY
NIB,PAFS
AKI,PFAK
AIN,PAWI
APZ,SAHZ
RDS,SAHS
PNT,SCNT
SGV,SAVS
IGB,SAVJ
NCN,PFCB
TKJ,PFTO
IRC,PACR
SLQ,PASL
HKB,PAHV
AQC,PAQC
MHM,PAMH
MLY,PAML
YSO,CCD4
YWB,CYKG
YTF,CYTF
YGV,CYGV
YXK,CYXK
XTL,CYBQ
XLB,CZWH
XSI,CZSN
YBT,CYBT
ZGR,CZGR
YCR,CYCR
YRS,CYRS
YOP,CYOP
YBY,CYBF
ZNA,CAC8
YGG,CAX6
YJM,CYJM
YDT,CZBB
ZEL,CYJQ
YFJ,CFJ2
RNI,MNCI
BZA,MNBZ
RFS,MNRT
SIU,MNSI
WSP,MNWP
PLD,MRCR
COZ,MDCZ
NEG,MKNG
RVR,TJRV
SPB,VI22
ARR,SAVR
JSM,SAWS
UYU,SLUY
ABF,NGAB
ABN,SMBN
DRJ,SMDA
ICK,SMNI
OEM,SMPA
SMZ,SMST
TOT,SMCO
AGI,SMWA
CSC,MRCA
ORJ,SYOR
NAI,SYAN
IMB,SYIB
KAR,SYKM
USI,SYMB
MHA,SYMD
PJC,SGPJ
ACD,SKAD
RVE,SKSA
VGZ,SKVG
EBG,SKEB
CAQ,SKCU
COG,SKCD
TLU,SKTL
CFB,SBCB
OPS,SWSI
GRP,SWGI
CMP,SNKE
BVS,SNVS
SFK,SNSW
PIN,SWPI
BRA,SNBR
STZ,SWST
MQH,SBMC
AUX,SWGN
NVP,SWNA
LVR,SWFE
FRC,SIMK
DOU,SSDO
LBR,SWLB
ROO,SWRD
GPB,SBGU
JCB,SSJA
RVD,SWLC
AAX,SBAX
MBZ,SWMW
RBB,SWBR
CIZ,SWKO
BAZ,SWBC
DMT,SWDM
GNM,SNGI
QDJ,DAFI
NZA,FNZG
LBZ,FNLK
AMC,FTTN
GSQ,HEOW
MRB,KMRB
AWA,HALA
JIJ,HAJJ
MKS,HAMA
DBM,HADM
DBT,HADT
QHR,HAHM
GOB,HAGB
MYB,FOOY
MRE,HKMS
RBX,HSMK
CPA,GLCP
MAX,GOSM
BDI,FSSB
WHF,HSSW
PAF,HUPA
HTY,LTDA
RVV,NTAV
ILD,LEDA
BIU,BIBD
GJR,BIGJ
SAK,BIKR
IIA,EIMN
TDK,UAAT
ULG,ZMUL
VGD,ULWW
LDG,ULAL
HSK,LEHC
CQM,LERL
NJF,ORNI
CSA,EGEY
RKH,KUZA
AGC,KAGC
FTY,KFTY
TSO,EGHT
TII,OATN
ZAJ,OAZJ
CCN,OACC
FUG,ZSFY
LCX,ZSLD
ACX,ZUYI
HZH,ZUNP
OSU,KOSU
ADS,KADS
DTS,KDTS
KHE,UKOH
SZS,NZRC
HJJ,ZGCJ
YQI,CYQI
ISO,KISO
FFA,KFFA
CKS,SBCJ
MWK,WIOM
PGU,OIBP
YES,OISY
OSB,ORBM
TJH,RJBT
AXJ,RJDA
KKX,RJKI
AGJ,RORA
UGA,ZMBN
ULO,ZMUG
BPR,RPVW
LBX,RPLU
TJU,UTDK
TAZ,UTAT
BWB,YBWX
DRB,YDBY
WGE,YWLG
BRT,YBTI
DKI,YDKI
LZR,YLZI
HLT,YHML
HCQ,YHLC
FIZ,YFTZ
RVT,YNRV
PVU,KPVU
SBS,KSBS
DTA,KDTA
RIF,KRIF
PUC,KPUC
LAM,KLAM
HII,KHII
INW,KINW
DGL,KDGL
MZK,NGMK
AEA,NGTB
AAK,NGUK
KUC,NGKT
AIS,NGTR
TMN,NGTM
BEZ,NGBR
NIG,NGNU
BBG,NGTU
MTK,NGMN
MNK,NGMA
NON,NGTO
TSU,NGTS
WTZ,NZWT
KTF,NZTK
AFT,AGAF
RNA,AGAR
CHY,AGGC
NNB,AGGT
XYA,AGGY
BOW,KBOW
FTI,NSFQ
LVK,KLVK
RMY,KMPI
GFY,FYGF
NDU,FYRU
AGM,BGAM
TRM,KTRM
SMO,KSMO
UDD,KUDD
ZSY,KSDL
OLM,KOLM
DWA,KDWA
RIL,KRIL
SAA,KSAA
PDK,KPDK
BMG,KBMG
SUA,KSUA
MMU,KMMU
APC,KAPC
SDM,KSDM
VNC,KVNC
PHK,KPHK
ECP,KECP
SBD,KSBD
VAL,SNVB
CAU,SNRU
AWK,PWAK
QNV,SDNY
SQL,KSQL
OSZ,EPKO
RWI,KRWI
SXQ,PASX
SEE,KSEE
PHA,VVPR
SQH,VVNS
TKF,KTRK
FRJ,LFTU
GEX,YGLG
RYY,KRYY
4U9,K4U9
LVM,KLVM
6S0,K6S0
BIV,KBIV
HEN,EFHE
LAL,KLAL
SYH,VNSB
IDL,KIDL
RBK,KF70
FNU,LIER
MYQ,VOMY
PCW,KPCW
MGY,KMGY
RID,KRID
FDY,KFDY
PEA,YPSH
EBE,EBEN
EMP,KEMP
ESX,ESSE
BBP,EGHJ
SPF,KSPF
QYD,EPOK
OLV,KOLV
ONQ,LTAS
BJC,KBJC
SLE,KSLE
UTM,KUTA
ZKB,FLKY
LND,KLND
MWC,KMWC
JVL,KJVL
GKY,KGKY
LZU,KLZU
BWG,KBWG
RVS,KRVS
NHD,OMDM
KGO,UKKG
DBB,HEAL
BCE,KBCE
CKL,UUMU
TCZ,ZUTC
UKS,UKFB
JCI,KIXD
ESN,KESN
HMR,ENHA
MYV,KMYV
DUC,KDUC
UVA,KUVA
LOT,KLOT
CCR,KCCR
OCA,07FA
YUS,ZYLS
YOO,CYOO
LHA,EDTL
SGH,KSGH
MSI,SIAM
HEX,MDHE
CDA,YCOO
JAB,YJAB
HGS,GFHA
TOP,KTOP
NGQ,ZUAL
CSO,EDBC
TKI,KTKI
PWK,KPWK
KLS,KKLS
ZTA,NTGY
PUE,MPOA
KHC,UKFK
UKA,HKUK
ILN,KILN
AVW,KAVQ
CGZ,KCGZ
BXK,KBXK
E63,KE63
MMI,KMMI
STK,KSTK
RWL,KRWL
YZY,CYZY
CDW,KCDW
AIZ,KAIZ
TVI,KTVI
HSH,KHND
GML,UKKM
TMA,KTMA
QXR,EPRA
DVT,KDVT
YGE,CYGE
YRV,CYRV
HDO,KHDO
ZHY,ZLZW
MCL,PAIN
LHD,PALH
PPC,PAPR
KHW,FBKR
TXG,RCLG
HLG,KHLG
FZG,KFZG
XYE,VYYE
DWC,OMDW
RKP,KRKP
MVV,LFHM
MFX,LFKX
OKF,FYOO
OKU,FYMO
PSH,EDXO
CKF,KCKF
OMN,KOMN
TTD,KTTD
HIO,KHIO
KHT,OAKS
GAI,KGAI
AZ3,OASA
YTA,CYTA
TSB,FYTM
YSD,CYSD
BNU,SSBL
CVX,KCVX
YCC,CYCC
IZA,SDZY
XFL,KXFL
MVL,KMVL
RBD,KRBD
WST,KWST
BID,KBID
NME,PAGT
OOK,PAOO
OBY,BGSC
VIN,UKWW
BGE,KBGE
ZKG,CTK6
YBI,CCE4
SPZ,KSPZ
WHP,KWHP
MAE,KMAE
YZZ,CAD4
YAB,CJX7
BCV,PABV
MPY,SOOA
LDX,SOOM
KJI,ZWKN
CPB,SKCA
HMB,HEMK
RVY,SURV
POJ,SNPD
JTC,SJTC
OIA,SDOW
RDC,SNDC
SXX,SNFX
BYO,SJDB
SXO,SWFX
CFC,SBCD
CAF,SWCA
ERN,SWEI
CCI,SSCK
FBE,SSFB
CFO,SJHG
AAF,KAAF
UMU,SSUM
DTI,SNDT
FBA,SWOB
OLC,SDCG
HUW,SWHT
IRZ,SWTP
ORX,SNOX
UNA,SBTC
TEF,YTEF
GZP,LTGP
DQH,KDQH
FRP,KFPR
TAN,KTAN
PYM,KPYM
OQU,KOQU
OWD,KOWD
BAF,KBAF
IJD,KIJD
MGJ,KMGJ
CXY,KCXY
GHG,KGHG
DXR,KDXR
ASH,KASH
LWM,KLWM
OXC,KOXC
FIT,KFIT
VPC,KVPC
PYP,KPYP
RMG,KRMG
GAD,KGAD
DKX,KDKX
WDR,KWDR
JYL,KJYL
DNN,KDNN
CTJ,KCTJ
LGC,KLGC
MLJ,KMLJ
PIM,KPIM
FFC,KFFC
GVL,KGVL
PHD,KPHD
UDG,KUDG
HHH,KHXD
DNL,KDNL
MRN,KMRN
PBX,KPBX
TOC,KTOC
PLV,UKHP
WUU,HSWW
HUE,HAHU
OYL,HKMY
WYE,GFYE
GBK,GFGK
AFW,KAFW
57C,K57C
RMK,YREN
LGH,YLEC
RTS,YRTI
KEW,CPV8
YSP,CYSP
YHF,CYHF
YHN,CYHN
YKX,CYKX
YMG,CYMG
YXZ,CYXZ
YEM,CYEM
YFD,CYFD
LWC,KLWC
EGT,KEGT
PMP,KPMP
XMC,YMCO
EET,KEET
YUE,YYND
LOP,WADL
ZML,CZML
HDG,ZBHD
UMP,KUMP
LOZ,KLOZ
FBG,KFBG
WMI,EPMO
JXA,ZYJX
YGM,CYGM
EYK,USHY
RAC,KRAC
RZP,RPSD
REI,KREI
RIR,KRIR
TIW,KTIW
JKA,KJKA
HMJ,UKLH
HIW,RJBH
HZL,KHZL
CBE,KCBE
YBO,CBW4
KLF,UUBC
LNR,KLNR
JOT,KJOT
VYS,KVYS
JXN,KJXN
BBX,KLOM
OBE,KOBE
SEF,KSEF
AVO,KAVO
GIF,KGIF
ZPH,KZPH
OCF,KOCF
JES,KJES
52A,K52A
CCO,KCCO
HQU,KHQU
AIK,KAIK
CDN,KCDN
LBT,KLBT
SOP,KSOP
RCZ,KRCZ
DLL,KDLL
SVH,KSVH
BUU,KBUU
LHV,KLHV
LPR,KLPR
BKL,KBKL
DKK,KDKK
VAY,KVAY
LDJ,KLDJ
ANQ,KANQ
VNW,KVNW
GVQ,KGVQ
CLW,KCLW
CGX,KCGX
JZP,KJZP
CRE,KCRE
IGQ,KIGQ
RNM,KRNM
BXO,LSZC
OEB,KOEB
WBW,KWBW
LNN,KLNN
UMD,BGUM
RLK,ZBYZ
FFT,KFFT
LEW,KLEW
MRK,KMKY
DRM,KDRM
GDW,KGDW
LWA,KLWA
MFI,KMFI
ISW,KISW
CWI,KCWI
BVY,KBVY
YRQ,CYRQ
POF,KPOF
EPM,KEPM
EOK,KEOK
PSL,EGPT
STP,KSTP
SOO,ESNY
VNA,VLSV
DKS,UODD
BYT,EIBN
ADY,FAAL
GAS,HKGA
HOA,HKHO
KEY,HKKR
ILU,HKKL
ATJ,FMME
OVA,FMSL
RGK,UNBG
FLD,KFLD
PCZ,KPCZ
STE,KSTE
ERY,KERY
PEF,EDCP
GQQ,KGQQ
TPN,SETI
PTZ,SESM
CKV,KCKV
LPC,KLPC
CTH,KMQS
BST,OABT
LLK,UBBL
GBB,UBBQ
ZTU,UBBY
LKP,KLKP
DEE,YXCM
AOH,KAOH
DSO,ZKSD
SSI,KSSI
BFP,KBVI
GGE,KGGE
HDI,KHDI
RNT,KRNT
POC,KPOC
CTY,KCTY
CEU,KCEU
BEC,KBEC
PDG,WIMG
GTU,KGTU
QFO,EGSU
SNY,KSNY
GKL,YGKL
RPB,YRRB
IFL,YIFL
BIN,OABN
MOO,YOOM
ECA,K6D9
JYO,KJYO
VAM,VRMV
LLF,ZGLG
LSZ,LDLO
ONS,YOLW
TDR,YTDR
SDC,KSDC
WBU,KBDU
BBJ,EDRB
PAO,KPAO
FFZ,KFFZ
P08,KP08
P52,KP52
A39,KA39
E25,KE25
YTY,ZSYA
PTK,KPTK
KSI,GUKU
EEN,KEEN
GKK,VRMO
RCS,EGTO
RHD,SANR
KMP,FYKT
IOW,KIOW
TLQ,ZWTP
MWM,KMWM
ANP,KANP
FXO,FQCB
ODO,UIKB
ZTR,UKKV
HRI,VCRI
PEQ,KPEQ
HBG,KHBG
QCJ,SDBK
QSC,SDSC
YKN,KYKN
XSB,OMBY
ZBM,CZBM
KTI,VDKT
GYU,ZLGY
CNI,ZYCH
KRH,EGKR
CCL,YCCA
HWD,KHWD
MZP,NZMK
JHQ,YSHR
ARB,KARB
SHT,YSHT
TEM,YTEM
GAH,YGAY
WIO,YWCA
BFJ,ZUBJ
ULK,UERL
GNY,LTCS
KZR,LTBZ
VLU,ULOL
BEO,YPEC
4A7,K4A7
BMP,YBPI
YCN,CYCN
BJP,SBBP
BQB,YBLN
SEK,UESK
IVR,YIVL
GLI,YGLI
IMM,KIMM
YIC,ZSYC
PTB,KPTB
KGN,FZOK
SBM,KSBM
KFE,YFDF
BJU,VNBR
MZJ,KMZJ
GEU,KGEU
SAD,KSAD
KJP,ROKR
SIK,KSIK
TTI,NTTE
GFL,KGFL
5B2,K5B2
CGC,KCGC
MTN,KMTN
LHM,KLHM
FZI,KFZI
IZG,KIZG
NEW,KNEW
COE,KCOE
BMT,KBMT
DNV,KDNV
COJ,YCBB
TIX,KTIX
NYE,HKNI
AAP,KAAP
FCM,KFCM
LIX,FWLK
OJC,KOJC
GIU,VCCS
EUM,EDHN
TKT,VTPT
YLK,CYLS
YEE,CYEE
NU8,CNU8
ND4,CND4
NF4,CNF4
YCM,CYSN
YPD,CNK4
OQN,KOQN
MNZ,KHEF
KFS,LTAL
2H0,K2H0
GXH,ZLXH
CIY,LICB
KVM,UHMO
ZKP,UESU
UMS,UEMU
ADH,UEEA
NLT,ZWNL
BOR,LFSQ
FDW,KFDW
OBC,HDOB
TDJ,HDTJ
AQB,MGQC
NOR,BINF
BTZ,LTBE
DAW,KDAW
WAR,WAJR
EWK,KEWK
BSJ,YBNS
TZR,LHTA
FBR,KFBR
S40,KS40
CLS,KCLS
M94,KM94
EVW,KEVW
K83,KK83
LRO,KLRO
EUF,KEUF
6J4,K6J4
MEO,KMQI
AUO,KAUO
CZG,KCZG
EKY,KEKY
A50,KA50
MIC,KMIC
23M,K23M
DBN,KDBN
PUK,NTGQ
CVO,KCVO
PXH,YPMH
CWT,YCWR
OGD,KOGD
W63,KW63
RKR,KRKR
AKO,KAKO
SHN,KSHN
WNA,PANA
PKA,PAPK
YBW,CAB3
2A5,K2A5
WKR,MYAW
GFO,SYBT
DYL,KDYL
TGI,SPGM
TJL,SSTL
OAL,SSKW
OCW,KOCW
7W6,K7W6
MHC,SCPQ
YEL,CYEL
UKF,KUKF
JZI,KJZI
DAN,KDAN
0V4,K0V4
ERG,UIKE
CQW,KCQW
BEM,GMMD
NKT,LTCV
SUY,UENS
OUZ,GQPZ
QUO,DNAI
KAA,FLKS
MBI,HTMB
SGX,HTSO
AOG,ZYAS
ZYI,ZUZY
HYW,KHYW
LDS,ZYLD
AVA,ZUAS
KSS,GASK
WTB,YBWW
TNH,ZYTN
SZV,ZSSZ
LII,WAJM
NTI,WASB
WSR,WASW
DTB,WIMN
SSV,WITG
MEQ,WITC
BUW,WAWB
KAZ,WAMK
MNA,WAMN
SGQ,WRLA
OKL,WAJO
KOX,WABN
CMQ,YCMT
WMB,YWBL
RCM,YRMD
DCN,YCIN
KNO,WIMM
HBI,KHBI
EMV,KEMV
EMT,KEMT
FAH,OAFR
IXT,VEPG
I16,KI16
KRQ,UKCK
SSF,KSSF
JSV,KJSV
JAS,KJAS
87K,K87K
MRF,KMRF
E38,KE38
BQE,GGBU
CZA,MMCT
BUY,YBUN
CCB,KCCB
IOB,KIOB
EKI,KEKM
C03,KC03
CUB,KCUB
GMJ,KGMJ
MPR,KMPR
GYH,KGYH
PXE,KPXE
HVS,KHVS
IGX,KIGX
SZT,MMSC
DU9,CDU9
SUT,KSUT
FCI,KFCI
HNZ,KHNZ
LEE,KLEE
PPY,SNZA
DIQ,SNDV
ERD,UKDB
ERL,ZBER
CNO,KCNO
HTR,RORH
UYF,KUYF
BWW,MUBR
PRB,KPRB
HAF,KHAF
HCJ,ZGHC
WJF,KWJF
CJF,YCWA
GUZ,SNGA
UBT,SDUB
BOX,YBRL
FYJ,ZYFY
TDF,KTDF
PZL,FADQ
KJH,ZUKJ
HPG,ZHSN
YIE,ZBES
HNY,ZGHY
WOS,ZKWS
IGT,URMS
ASN,KASN
GMU,KGMU
MKT,KMKT
NGD,TUPA
TOI,KTOI
SCD,KSCD
EDN,KEDN
ALX,KALX
PKT,YPKT
GPN,YGPT
HZP,CYNR
UWL,KUWL
TQK,KTQK
HDE,KHDE
PTT,KPTT
AHQ,KAHQ
LXN,KLXN
19S,K19S
CBF,KCBF
OKK,KOKK
2K7,K2K7
EHA,KEHA
FTG,KFTG
GBG,KGBG
GUY,KGUY
MEJ,KMEJ
ULS,KULS
IDP,KIDP
3AU,K3AU
LQR,KLQR
LZZ,KLZZ
BYY,KBYY
PRX,KPRX
CFV,KCFV
GXY,KGXY
OEL,UUOR
FET,KFET
LGD,KLGD
SZY,EPSY
MPO,KMPO
UKT,KUKT
YBA,CYBA
BNG,KBNG
OFK,KOFK
AWO,KAWO
TFL,SNTO
TPF,KTPF
BZC,SBBZ
ITP,SDUN
KBN,FZWT
IKL,FZGV
AIR,SWRP
JRN,SWJU
JIA,SWJN
VLP,SWVC
JUA,SIZX
CCX,SWKC
BMB,FZFU
QBX,SNOB
APQ,SNAL
FLB,SNQG
PCS,SNPC
BNC,FZNP
BNB,FZGN
MTP,KMTP
VPZ,KVPZ
DRV,VRMD
SXK,WAPI
MLZ,SUMO
PDU,SUPU
ATI,SUAG
HSM,YHSM
SWH,YSWH
TTL,NFUL
KWB,WARU
KOO,FZRQ
AOU,VLAP
,SVFM
SQX,SSOE
LDM,KLDM
RHV,KRHV
OHS,OOSH
RZS,OPSW
TMF,VRNT
IFU,VREI
KIE,AYKT
YKO,LTCW
BUT,VQBT
TLI,WAMI
TQL,USDS
BPL,ZWAX
ACS,UNKS
WVI,KWVI
GLU,VQGP
JGG,KJGG
DLK,YDLK
KM8,CKM8
XTO,YTAM
YSE,CYSE
MRT,KMRT
YAH,CYAH
YAL,CYAL
,CYAU
YBU,CYBU
YCE,CYCE
YCP,CYCP
YCQ,CYCQ
XRR,CYDM
YDO,CYDO
YEY,CYEY
YGD,CYGD
YHE,CYHE
YHT,CYHT
YDG,CYID
YJF,CYJF
YKJ,CYKJ
YLR,CYLR
YME,CYME
YML,CYML
YOS,CYOS
YPS,CYPD
YQS,CYQS
YRO,CYRO
YRP,CYRP
YSH,CYSH
YSL,CYSL
YVD,CYVD
YVE,CYVK
YXQ,CYXQ
YSN,CZAM
KES,CZEE
XPK,CZFG
ZGF,CZGF
ZJG,CZJG
YTD,CZLQ
PIW,CZMN
XPP,CZNG
WPC,CZPC
ZST,CZST
ZUC,CZUC
FNB,EDBN
FSS,EGQK
BXP,EPBP
DGP,EVDA
LMR,FALC
SXN,FBSN
NDD,FNSU
MAI,FWMG
ADI,FYAR
MWE,HSMN
ALN,KALN
AXN,KAXN
CLU,KBAK
BBD,KBBD
BIH,KBIH
BKE,KBKE
BPI,KBPI
WMH,KBPK
BTL,KBTL
BYI,KBYI
CCY,KCCY
CNU,KCNU
CRG,KCRG
CSV,KCSV
DAA,KDAA
DAG,KDAG
DMN,KDMN
DRA,KDRA
EED,KEED
EGI,KEGI
EKA,KEKA
HYI,KHYI
HYR,KHYR
JCT,KJCT
LLQ,KLLQ
LOL,KLOL
MBG,KMBG
MCB,KMCB
MDH,KMDH
MMT,KMMT
NHZ,KNHZ
NRB,KNRB
OGB,KOGB
OLU,KOLU
OTM,KOTM
OZR,KOZR
PWY,KPNA
POU,KPOU
RNH,KRNH
RSL,KRSL
RWF,KRWF
SNS,KSNS
SOA,KSOA
SUZ,KSUZ
TPH,KTPH
UAO,KUAO
UKI,KUKI
UOX,KUOX
HTV,KUTS
VTN,KVTN
WMC,KWMC
WWR,KWWR
XMR,KXMR
ZZV,KZZV
ECV,LECU
CDT,LEDS
TEV,LETL
TN0,LIDT
QLP,LIQW
BJY,LYBT
RUV,MGRB
XPL,MHSC
UPL,MRUP
QSN,MUNB
SNJ,MUSJ
KMX,OEKM
XXN,OERY
KNR,OIBJ
PYK,OIIP
XIJ,OKAJ
MPD,OPMK
ATG,OPMS
SGI,OPSR
RQW,ORQW
ENN,PANN
WWA,PAWS
QUT,RJTU
IEJ,RORE
AAV,RPMA
BPH,RPMF
MXI,RPMQ
VMR,SAOV
BAT,SBBT
QHP,SBTA
TOQ,SCBE
LGR,SCHR
CNR,SCRA
TLX,SCTL
ZIC,SCTO
TTC,SCTT
API,SKAP
CVE,SKCV
PAL,SKPQ
PZA,SKPZ
TQS,SKTQ
MQZ,SKUA
RIJ,SPJA
JAE,SPJE
IKU,UAFL
VYI,UENW
GVN,UHKM
NLI,UHNN
VLK,URRY
INA,UUYI
ZIX,UWKV
RTC,VARG
HIM,VCCH
RDP,VEDG
PUT,VOPN
ABH,YAPH
ARY,YARA
BLN,YBLA
BZD,YBRN
BWQ,YBRW
CVC,YCEE
CWW,YCOR
CYG,YCRG
CMD,YCTM
DRN,YDBI
DNQ,YDLQ
DYA,YDYS
ECH,YECH
FRB,YFBS
GUH,YGDH
HXX,YHAY
HTU,YHPN
KRA,YKER
KPS,YKMP
KGY,YKRY
TGN,YLTV
MRG,YMBA
RPM,YNGU
QRM,YNRM
PPI,YPIR
SIO,YSMI
SNB,YSNB
SWC,YSWL
TYB,YTIB
TUM,YTMU
WGT,YWGT
WKB,YWKB
QRR,YWRN
SXE,YWSL
WWY,YWWL
NGA,YYNG
LHK,ZHGH
WDS,ZHSY
HTT,ZLHX
UUN,ZMBU
BFU,ZSBB
RUG,ZSRG
WHU,ZSWU
SXJ,ZWSS
YKH,ZYYK
